[2025-08-04T03:45:54.263+0000] {processor.py:161} INFO - Started process (PID=97) to work on /home/airflow/.local/lib/python3.12/site-packages/airflow/example_dags/example_datasets.py
[2025-08-04T03:45:54.277+0000] {processor.py:830} INFO - Processing file /home/airflow/.local/lib/python3.12/site-packages/airflow/example_dags/example_datasets.py for tasks to queue
[2025-08-04T03:45:54.302+0000] {logging_mixin.py:188} INFO - [2025-08-04T03:45:54.301+0000] {dagbag.py:545} INFO - Filling up the DagBag from /home/airflow/.local/lib/python3.12/site-packages/airflow/example_dags/example_datasets.py
[2025-08-04T03:45:54.510+0000] {processor.py:840} INFO - DAG(s) 'consume_1_or_both_2_and_3_with_dataset_expressions', 'dataset_produces_2', 'dataset_produces_1', 'dataset_consumes_1_and_2', 'dataset_consumes_unknown_never_scheduled', 'consume_1_or_2_with_dataset_expressions', 'dataset_consumes_1_never_scheduled', 'consume_1_and_2_with_dataset_expressions', 'dataset_consumes_1', 'conditional_dataset_and_time_based_timetable' retrieved from /home/airflow/.local/lib/python3.12/site-packages/airflow/example_dags/example_datasets.py
[2025-08-04T03:45:56.803+0000] {logging_mixin.py:188} INFO - [2025-08-04T03:45:56.795+0000] {dag.py:3096} INFO - Sync 10 DAGs
[2025-08-04T03:45:57.917+0000] {logging_mixin.py:188} INFO - [2025-08-04T03:45:57.913+0000] {dag.py:3954} INFO - Setting next_dagrun for conditional_dataset_and_time_based_timetable to 2025-07-30 01:00:00+00:00, run_after=2025-07-30 01:00:00+00:00
[2025-08-04T03:45:57.938+0000] {logging_mixin.py:188} INFO - [2025-08-04T03:45:57.938+0000] {dag.py:3954} INFO - Setting next_dagrun for consume_1_and_2_with_dataset_expressions to None, run_after=None
[2025-08-04T03:45:57.956+0000] {logging_mixin.py:188} INFO - [2025-08-04T03:45:57.956+0000] {dag.py:3954} INFO - Setting next_dagrun for consume_1_or_2_with_dataset_expressions to None, run_after=None
[2025-08-04T03:45:57.969+0000] {logging_mixin.py:188} INFO - [2025-08-04T03:45:57.968+0000] {dag.py:3954} INFO - Setting next_dagrun for consume_1_or_both_2_and_3_with_dataset_expressions to None, run_after=None
[2025-08-04T03:45:57.986+0000] {logging_mixin.py:188} INFO - [2025-08-04T03:45:57.986+0000] {dag.py:3954} INFO - Setting next_dagrun for dataset_consumes_1 to None, run_after=None
[2025-08-04T03:45:58.002+0000] {logging_mixin.py:188} INFO - [2025-08-04T03:45:58.002+0000] {dag.py:3954} INFO - Setting next_dagrun for dataset_consumes_1_and_2 to None, run_after=None
[2025-08-04T03:45:58.011+0000] {logging_mixin.py:188} INFO - [2025-08-04T03:45:58.007+0000] {dag.py:3954} INFO - Setting next_dagrun for dataset_consumes_1_never_scheduled to None, run_after=None
[2025-08-04T03:45:58.026+0000] {logging_mixin.py:188} INFO - [2025-08-04T03:45:58.026+0000] {dag.py:3954} INFO - Setting next_dagrun for dataset_consumes_unknown_never_scheduled to None, run_after=None
[2025-08-04T03:45:58.085+0000] {logging_mixin.py:188} INFO - [2025-08-04T03:45:58.084+0000] {dag.py:3954} INFO - Setting next_dagrun for dataset_produces_1 to 2025-08-03 00:00:00+00:00, run_after=2025-08-04 00:00:00+00:00
[2025-08-04T03:45:58.086+0000] {logging_mixin.py:188} INFO - [2025-08-04T03:45:58.086+0000] {dag.py:3954} INFO - Setting next_dagrun for dataset_produces_2 to None, run_after=None
[2025-08-04T03:45:58.735+0000] {processor.py:183} INFO - Processing /home/airflow/.local/lib/python3.12/site-packages/airflow/example_dags/example_datasets.py took 4.556 seconds
[2025-08-04T03:47:25.177+0000] {processor.py:161} INFO - Started process (PID=172) to work on /home/airflow/.local/lib/python3.12/site-packages/airflow/example_dags/example_datasets.py
[2025-08-04T03:47:25.185+0000] {processor.py:830} INFO - Processing file /home/airflow/.local/lib/python3.12/site-packages/airflow/example_dags/example_datasets.py for tasks to queue
[2025-08-04T03:47:25.204+0000] {logging_mixin.py:188} INFO - [2025-08-04T03:47:25.203+0000] {dagbag.py:545} INFO - Filling up the DagBag from /home/airflow/.local/lib/python3.12/site-packages/airflow/example_dags/example_datasets.py
[2025-08-04T03:47:25.584+0000] {processor.py:840} INFO - DAG(s) 'consume_1_or_2_with_dataset_expressions', 'conditional_dataset_and_time_based_timetable', 'dataset_consumes_1_and_2', 'dataset_consumes_unknown_never_scheduled', 'dataset_consumes_1_never_scheduled', 'dataset_produces_1', 'consume_1_or_both_2_and_3_with_dataset_expressions', 'dataset_consumes_1', 'consume_1_and_2_with_dataset_expressions', 'dataset_produces_2' retrieved from /home/airflow/.local/lib/python3.12/site-packages/airflow/example_dags/example_datasets.py
[2025-08-04T03:47:26.121+0000] {logging_mixin.py:188} INFO - [2025-08-04T03:47:26.120+0000] {dag.py:3096} INFO - Sync 10 DAGs
[2025-08-04T03:47:26.198+0000] {logging_mixin.py:188} INFO - [2025-08-04T03:47:26.198+0000] {dag.py:3954} INFO - Setting next_dagrun for conditional_dataset_and_time_based_timetable to 2025-07-30 01:00:00+00:00, run_after=2025-07-30 01:00:00+00:00
[2025-08-04T03:47:26.210+0000] {logging_mixin.py:188} INFO - [2025-08-04T03:47:26.209+0000] {dag.py:3954} INFO - Setting next_dagrun for consume_1_and_2_with_dataset_expressions to None, run_after=None
[2025-08-04T03:47:26.214+0000] {logging_mixin.py:188} INFO - [2025-08-04T03:47:26.213+0000] {dag.py:3954} INFO - Setting next_dagrun for consume_1_or_2_with_dataset_expressions to None, run_after=None
[2025-08-04T03:47:26.223+0000] {logging_mixin.py:188} INFO - [2025-08-04T03:47:26.223+0000] {dag.py:3954} INFO - Setting next_dagrun for consume_1_or_both_2_and_3_with_dataset_expressions to None, run_after=None
[2025-08-04T03:47:26.227+0000] {logging_mixin.py:188} INFO - [2025-08-04T03:47:26.226+0000] {dag.py:3954} INFO - Setting next_dagrun for dataset_consumes_1 to None, run_after=None
[2025-08-04T03:47:26.279+0000] {logging_mixin.py:188} INFO - [2025-08-04T03:47:26.277+0000] {dag.py:3954} INFO - Setting next_dagrun for dataset_consumes_1_and_2 to None, run_after=None
[2025-08-04T03:47:26.293+0000] {logging_mixin.py:188} INFO - [2025-08-04T03:47:26.293+0000] {dag.py:3954} INFO - Setting next_dagrun for dataset_consumes_1_never_scheduled to None, run_after=None
[2025-08-04T03:47:26.311+0000] {logging_mixin.py:188} INFO - [2025-08-04T03:47:26.311+0000] {dag.py:3954} INFO - Setting next_dagrun for dataset_consumes_unknown_never_scheduled to None, run_after=None
[2025-08-04T03:47:26.342+0000] {logging_mixin.py:188} INFO - [2025-08-04T03:47:26.342+0000] {dag.py:3954} INFO - Setting next_dagrun for dataset_produces_1 to 2025-08-03 00:00:00+00:00, run_after=2025-08-04 00:00:00+00:00
[2025-08-04T03:47:26.407+0000] {logging_mixin.py:188} INFO - [2025-08-04T03:47:26.407+0000] {dag.py:3954} INFO - Setting next_dagrun for dataset_produces_2 to None, run_after=None
[2025-08-04T03:47:27.545+0000] {processor.py:183} INFO - Processing /home/airflow/.local/lib/python3.12/site-packages/airflow/example_dags/example_datasets.py took 2.408 seconds
[2025-08-04T03:47:57.797+0000] {processor.py:161} INFO - Started process (PID=230) to work on /home/airflow/.local/lib/python3.12/site-packages/airflow/example_dags/example_datasets.py
[2025-08-04T03:47:57.824+0000] {processor.py:830} INFO - Processing file /home/airflow/.local/lib/python3.12/site-packages/airflow/example_dags/example_datasets.py for tasks to queue
[2025-08-04T03:47:57.879+0000] {logging_mixin.py:188} INFO - [2025-08-04T03:47:57.863+0000] {dagbag.py:545} INFO - Filling up the DagBag from /home/airflow/.local/lib/python3.12/site-packages/airflow/example_dags/example_datasets.py
[2025-08-04T03:47:57.976+0000] {processor.py:840} INFO - DAG(s) 'consume_1_and_2_with_dataset_expressions', 'dataset_consumes_1', 'dataset_produces_1', 'dataset_consumes_1_never_scheduled', 'consume_1_or_both_2_and_3_with_dataset_expressions', 'dataset_produces_2', 'dataset_consumes_1_and_2', 'consume_1_or_2_with_dataset_expressions', 'dataset_consumes_unknown_never_scheduled', 'conditional_dataset_and_time_based_timetable' retrieved from /home/airflow/.local/lib/python3.12/site-packages/airflow/example_dags/example_datasets.py
[2025-08-04T03:47:58.197+0000] {logging_mixin.py:188} INFO - [2025-08-04T03:47:58.195+0000] {dag.py:3096} INFO - Sync 10 DAGs
[2025-08-04T03:47:58.440+0000] {logging_mixin.py:188} INFO - [2025-08-04T03:47:58.440+0000] {dag.py:3954} INFO - Setting next_dagrun for conditional_dataset_and_time_based_timetable to 2025-07-30 01:00:00+00:00, run_after=2025-07-30 01:00:00+00:00
[2025-08-04T03:47:58.459+0000] {logging_mixin.py:188} INFO - [2025-08-04T03:47:58.458+0000] {dag.py:3954} INFO - Setting next_dagrun for consume_1_and_2_with_dataset_expressions to None, run_after=None
[2025-08-04T03:47:58.463+0000] {logging_mixin.py:188} INFO - [2025-08-04T03:47:58.462+0000] {dag.py:3954} INFO - Setting next_dagrun for consume_1_or_2_with_dataset_expressions to None, run_after=None
[2025-08-04T03:47:58.464+0000] {logging_mixin.py:188} INFO - [2025-08-04T03:47:58.464+0000] {dag.py:3954} INFO - Setting next_dagrun for consume_1_or_both_2_and_3_with_dataset_expressions to None, run_after=None
[2025-08-04T03:47:58.471+0000] {logging_mixin.py:188} INFO - [2025-08-04T03:47:58.471+0000] {dag.py:3954} INFO - Setting next_dagrun for dataset_consumes_1 to None, run_after=None
[2025-08-04T03:47:58.496+0000] {logging_mixin.py:188} INFO - [2025-08-04T03:47:58.477+0000] {dag.py:3954} INFO - Setting next_dagrun for dataset_consumes_1_and_2 to None, run_after=None
[2025-08-04T03:47:58.502+0000] {logging_mixin.py:188} INFO - [2025-08-04T03:47:58.502+0000] {dag.py:3954} INFO - Setting next_dagrun for dataset_consumes_1_never_scheduled to None, run_after=None
[2025-08-04T03:47:58.533+0000] {logging_mixin.py:188} INFO - [2025-08-04T03:47:58.532+0000] {dag.py:3954} INFO - Setting next_dagrun for dataset_consumes_unknown_never_scheduled to None, run_after=None
[2025-08-04T03:47:58.568+0000] {logging_mixin.py:188} INFO - [2025-08-04T03:47:58.567+0000] {dag.py:3954} INFO - Setting next_dagrun for dataset_produces_1 to 2025-08-03 00:00:00+00:00, run_after=2025-08-04 00:00:00+00:00
[2025-08-04T03:47:58.603+0000] {logging_mixin.py:188} INFO - [2025-08-04T03:47:58.602+0000] {dag.py:3954} INFO - Setting next_dagrun for dataset_produces_2 to None, run_after=None
[2025-08-04T03:47:58.756+0000] {processor.py:183} INFO - Processing /home/airflow/.local/lib/python3.12/site-packages/airflow/example_dags/example_datasets.py took 1.001 seconds
[2025-08-04T03:48:29.401+0000] {processor.py:161} INFO - Started process (PID=288) to work on /home/airflow/.local/lib/python3.12/site-packages/airflow/example_dags/example_datasets.py
[2025-08-04T03:48:29.402+0000] {processor.py:830} INFO - Processing file /home/airflow/.local/lib/python3.12/site-packages/airflow/example_dags/example_datasets.py for tasks to queue
[2025-08-04T03:48:29.404+0000] {logging_mixin.py:188} INFO - [2025-08-04T03:48:29.404+0000] {dagbag.py:545} INFO - Filling up the DagBag from /home/airflow/.local/lib/python3.12/site-packages/airflow/example_dags/example_datasets.py
[2025-08-04T03:48:29.435+0000] {processor.py:840} INFO - DAG(s) 'dataset_consumes_1_never_scheduled', 'consume_1_and_2_with_dataset_expressions', 'dataset_consumes_1_and_2', 'conditional_dataset_and_time_based_timetable', 'consume_1_or_2_with_dataset_expressions', 'consume_1_or_both_2_and_3_with_dataset_expressions', 'dataset_consumes_unknown_never_scheduled', 'dataset_produces_2', 'dataset_produces_1', 'dataset_consumes_1' retrieved from /home/airflow/.local/lib/python3.12/site-packages/airflow/example_dags/example_datasets.py
[2025-08-04T03:48:29.497+0000] {logging_mixin.py:188} INFO - [2025-08-04T03:48:29.496+0000] {dag.py:3096} INFO - Sync 10 DAGs
[2025-08-04T03:48:29.530+0000] {logging_mixin.py:188} INFO - [2025-08-04T03:48:29.530+0000] {dag.py:3954} INFO - Setting next_dagrun for conditional_dataset_and_time_based_timetable to 2025-07-30 01:00:00+00:00, run_after=2025-07-30 01:00:00+00:00
[2025-08-04T03:48:29.538+0000] {logging_mixin.py:188} INFO - [2025-08-04T03:48:29.538+0000] {dag.py:3954} INFO - Setting next_dagrun for consume_1_and_2_with_dataset_expressions to None, run_after=None
[2025-08-04T03:48:29.547+0000] {logging_mixin.py:188} INFO - [2025-08-04T03:48:29.547+0000] {dag.py:3954} INFO - Setting next_dagrun for consume_1_or_2_with_dataset_expressions to None, run_after=None
[2025-08-04T03:48:29.551+0000] {logging_mixin.py:188} INFO - [2025-08-04T03:48:29.550+0000] {dag.py:3954} INFO - Setting next_dagrun for consume_1_or_both_2_and_3_with_dataset_expressions to None, run_after=None
[2025-08-04T03:48:29.558+0000] {logging_mixin.py:188} INFO - [2025-08-04T03:48:29.557+0000] {dag.py:3954} INFO - Setting next_dagrun for dataset_consumes_1 to None, run_after=None
[2025-08-04T03:48:29.561+0000] {logging_mixin.py:188} INFO - [2025-08-04T03:48:29.561+0000] {dag.py:3954} INFO - Setting next_dagrun for dataset_consumes_1_and_2 to None, run_after=None
[2025-08-04T03:48:29.565+0000] {logging_mixin.py:188} INFO - [2025-08-04T03:48:29.564+0000] {dag.py:3954} INFO - Setting next_dagrun for dataset_consumes_1_never_scheduled to None, run_after=None
[2025-08-04T03:48:29.569+0000] {logging_mixin.py:188} INFO - [2025-08-04T03:48:29.569+0000] {dag.py:3954} INFO - Setting next_dagrun for dataset_consumes_unknown_never_scheduled to None, run_after=None
[2025-08-04T03:48:29.575+0000] {logging_mixin.py:188} INFO - [2025-08-04T03:48:29.574+0000] {dag.py:3954} INFO - Setting next_dagrun for dataset_produces_1 to 2025-08-03 00:00:00+00:00, run_after=2025-08-04 00:00:00+00:00
[2025-08-04T03:48:29.578+0000] {logging_mixin.py:188} INFO - [2025-08-04T03:48:29.578+0000] {dag.py:3954} INFO - Setting next_dagrun for dataset_produces_2 to None, run_after=None
[2025-08-04T03:48:29.662+0000] {processor.py:183} INFO - Processing /home/airflow/.local/lib/python3.12/site-packages/airflow/example_dags/example_datasets.py took 0.269 seconds
[2025-08-04T03:49:00.131+0000] {processor.py:161} INFO - Started process (PID=345) to work on /home/airflow/.local/lib/python3.12/site-packages/airflow/example_dags/example_datasets.py
[2025-08-04T03:49:00.145+0000] {processor.py:830} INFO - Processing file /home/airflow/.local/lib/python3.12/site-packages/airflow/example_dags/example_datasets.py for tasks to queue
[2025-08-04T03:49:00.167+0000] {logging_mixin.py:188} INFO - [2025-08-04T03:49:00.166+0000] {dagbag.py:545} INFO - Filling up the DagBag from /home/airflow/.local/lib/python3.12/site-packages/airflow/example_dags/example_datasets.py
[2025-08-04T03:49:00.414+0000] {processor.py:840} INFO - DAG(s) 'conditional_dataset_and_time_based_timetable', 'consume_1_or_2_with_dataset_expressions', 'dataset_consumes_1_and_2', 'dataset_consumes_1_never_scheduled', 'consume_1_or_both_2_and_3_with_dataset_expressions', 'consume_1_and_2_with_dataset_expressions', 'dataset_consumes_unknown_never_scheduled', 'dataset_produces_1', 'dataset_consumes_1', 'dataset_produces_2' retrieved from /home/airflow/.local/lib/python3.12/site-packages/airflow/example_dags/example_datasets.py
[2025-08-04T03:49:00.792+0000] {logging_mixin.py:188} INFO - [2025-08-04T03:49:00.790+0000] {dag.py:3096} INFO - Sync 10 DAGs
[2025-08-04T03:49:01.321+0000] {logging_mixin.py:188} INFO - [2025-08-04T03:49:01.309+0000] {dag.py:3954} INFO - Setting next_dagrun for conditional_dataset_and_time_based_timetable to 2025-07-30 01:00:00+00:00, run_after=2025-07-30 01:00:00+00:00
[2025-08-04T03:49:01.486+0000] {logging_mixin.py:188} INFO - [2025-08-04T03:49:01.474+0000] {dag.py:3954} INFO - Setting next_dagrun for consume_1_and_2_with_dataset_expressions to None, run_after=None
[2025-08-04T03:49:01.519+0000] {logging_mixin.py:188} INFO - [2025-08-04T03:49:01.519+0000] {dag.py:3954} INFO - Setting next_dagrun for consume_1_or_2_with_dataset_expressions to None, run_after=None
[2025-08-04T03:49:01.523+0000] {logging_mixin.py:188} INFO - [2025-08-04T03:49:01.523+0000] {dag.py:3954} INFO - Setting next_dagrun for consume_1_or_both_2_and_3_with_dataset_expressions to None, run_after=None
[2025-08-04T03:49:01.528+0000] {logging_mixin.py:188} INFO - [2025-08-04T03:49:01.528+0000] {dag.py:3954} INFO - Setting next_dagrun for dataset_consumes_1 to None, run_after=None
[2025-08-04T03:49:01.546+0000] {logging_mixin.py:188} INFO - [2025-08-04T03:49:01.546+0000] {dag.py:3954} INFO - Setting next_dagrun for dataset_consumes_1_and_2 to None, run_after=None
[2025-08-04T03:49:01.584+0000] {logging_mixin.py:188} INFO - [2025-08-04T03:49:01.582+0000] {dag.py:3954} INFO - Setting next_dagrun for dataset_consumes_1_never_scheduled to None, run_after=None
[2025-08-04T03:49:01.617+0000] {logging_mixin.py:188} INFO - [2025-08-04T03:49:01.616+0000] {dag.py:3954} INFO - Setting next_dagrun for dataset_consumes_unknown_never_scheduled to None, run_after=None
[2025-08-04T03:49:01.648+0000] {logging_mixin.py:188} INFO - [2025-08-04T03:49:01.645+0000] {dag.py:3954} INFO - Setting next_dagrun for dataset_produces_1 to 2025-08-03 00:00:00+00:00, run_after=2025-08-04 00:00:00+00:00
[2025-08-04T03:49:01.658+0000] {logging_mixin.py:188} INFO - [2025-08-04T03:49:01.657+0000] {dag.py:3954} INFO - Setting next_dagrun for dataset_produces_2 to None, run_after=None
[2025-08-04T03:49:03.308+0000] {processor.py:183} INFO - Processing /home/airflow/.local/lib/python3.12/site-packages/airflow/example_dags/example_datasets.py took 3.230 seconds
[2025-08-04T15:16:46.659+0000] {processor.py:161} INFO - Started process (PID=92) to work on /home/airflow/.local/lib/python3.12/site-packages/airflow/example_dags/example_datasets.py
[2025-08-04T15:16:46.704+0000] {processor.py:830} INFO - Processing file /home/airflow/.local/lib/python3.12/site-packages/airflow/example_dags/example_datasets.py for tasks to queue
[2025-08-04T15:16:46.744+0000] {logging_mixin.py:188} INFO - [2025-08-04T15:16:46.743+0000] {dagbag.py:545} INFO - Filling up the DagBag from /home/airflow/.local/lib/python3.12/site-packages/airflow/example_dags/example_datasets.py
[2025-08-04T15:16:46.934+0000] {processor.py:840} INFO - DAG(s) 'dataset_produces_1', 'dataset_produces_2', 'dataset_consumes_1', 'dataset_consumes_unknown_never_scheduled', 'consume_1_and_2_with_dataset_expressions', 'conditional_dataset_and_time_based_timetable', 'consume_1_or_2_with_dataset_expressions', 'consume_1_or_both_2_and_3_with_dataset_expressions', 'dataset_consumes_1_never_scheduled', 'dataset_consumes_1_and_2' retrieved from /home/airflow/.local/lib/python3.12/site-packages/airflow/example_dags/example_datasets.py
[2025-08-04T15:16:47.407+0000] {logging_mixin.py:188} INFO - [2025-08-04T15:16:47.406+0000] {dag.py:3096} INFO - Sync 10 DAGs
[2025-08-04T15:16:47.558+0000] {logging_mixin.py:188} INFO - [2025-08-04T15:16:47.557+0000] {dag.py:3954} INFO - Setting next_dagrun for conditional_dataset_and_time_based_timetable to 2025-07-30 01:00:00+00:00, run_after=2025-07-30 01:00:00+00:00
[2025-08-04T15:16:47.569+0000] {logging_mixin.py:188} INFO - [2025-08-04T15:16:47.568+0000] {dag.py:3954} INFO - Setting next_dagrun for consume_1_and_2_with_dataset_expressions to None, run_after=None
[2025-08-04T15:16:47.583+0000] {logging_mixin.py:188} INFO - [2025-08-04T15:16:47.583+0000] {dag.py:3954} INFO - Setting next_dagrun for consume_1_or_2_with_dataset_expressions to None, run_after=None
[2025-08-04T15:16:47.594+0000] {logging_mixin.py:188} INFO - [2025-08-04T15:16:47.593+0000] {dag.py:3954} INFO - Setting next_dagrun for consume_1_or_both_2_and_3_with_dataset_expressions to None, run_after=None
[2025-08-04T15:16:47.606+0000] {logging_mixin.py:188} INFO - [2025-08-04T15:16:47.606+0000] {dag.py:3954} INFO - Setting next_dagrun for dataset_consumes_1 to None, run_after=None
[2025-08-04T15:16:47.615+0000] {logging_mixin.py:188} INFO - [2025-08-04T15:16:47.614+0000] {dag.py:3954} INFO - Setting next_dagrun for dataset_consumes_1_and_2 to None, run_after=None
[2025-08-04T15:16:47.617+0000] {logging_mixin.py:188} INFO - [2025-08-04T15:16:47.616+0000] {dag.py:3954} INFO - Setting next_dagrun for dataset_consumes_1_never_scheduled to None, run_after=None
[2025-08-04T15:16:47.618+0000] {logging_mixin.py:188} INFO - [2025-08-04T15:16:47.618+0000] {dag.py:3954} INFO - Setting next_dagrun for dataset_consumes_unknown_never_scheduled to None, run_after=None
[2025-08-04T15:16:47.625+0000] {logging_mixin.py:188} INFO - [2025-08-04T15:16:47.624+0000] {dag.py:3954} INFO - Setting next_dagrun for dataset_produces_1 to 2025-08-03 00:00:00+00:00, run_after=2025-08-04 00:00:00+00:00
[2025-08-04T15:16:47.633+0000] {logging_mixin.py:188} INFO - [2025-08-04T15:16:47.632+0000] {dag.py:3954} INFO - Setting next_dagrun for dataset_produces_2 to None, run_after=None
[2025-08-04T15:16:47.952+0000] {processor.py:183} INFO - Processing /home/airflow/.local/lib/python3.12/site-packages/airflow/example_dags/example_datasets.py took 1.331 seconds
[2025-08-04T15:17:18.086+0000] {processor.py:161} INFO - Started process (PID=150) to work on /home/airflow/.local/lib/python3.12/site-packages/airflow/example_dags/example_datasets.py
[2025-08-04T15:17:18.087+0000] {processor.py:830} INFO - Processing file /home/airflow/.local/lib/python3.12/site-packages/airflow/example_dags/example_datasets.py for tasks to queue
[2025-08-04T15:17:18.088+0000] {logging_mixin.py:188} INFO - [2025-08-04T15:17:18.088+0000] {dagbag.py:545} INFO - Filling up the DagBag from /home/airflow/.local/lib/python3.12/site-packages/airflow/example_dags/example_datasets.py
[2025-08-04T15:17:18.109+0000] {processor.py:840} INFO - DAG(s) 'dataset_produces_1', 'consume_1_or_both_2_and_3_with_dataset_expressions', 'consume_1_and_2_with_dataset_expressions', 'dataset_produces_2', 'dataset_consumes_1_never_scheduled', 'dataset_consumes_unknown_never_scheduled', 'dataset_consumes_1_and_2', 'consume_1_or_2_with_dataset_expressions', 'conditional_dataset_and_time_based_timetable', 'dataset_consumes_1' retrieved from /home/airflow/.local/lib/python3.12/site-packages/airflow/example_dags/example_datasets.py
[2025-08-04T15:17:18.155+0000] {logging_mixin.py:188} INFO - [2025-08-04T15:17:18.155+0000] {dag.py:3096} INFO - Sync 10 DAGs
[2025-08-04T15:17:18.195+0000] {logging_mixin.py:188} INFO - [2025-08-04T15:17:18.194+0000] {dag.py:3954} INFO - Setting next_dagrun for conditional_dataset_and_time_based_timetable to 2025-07-30 01:00:00+00:00, run_after=2025-07-30 01:00:00+00:00
[2025-08-04T15:17:18.200+0000] {logging_mixin.py:188} INFO - [2025-08-04T15:17:18.200+0000] {dag.py:3954} INFO - Setting next_dagrun for consume_1_and_2_with_dataset_expressions to None, run_after=None
[2025-08-04T15:17:18.204+0000] {logging_mixin.py:188} INFO - [2025-08-04T15:17:18.204+0000] {dag.py:3954} INFO - Setting next_dagrun for consume_1_or_2_with_dataset_expressions to None, run_after=None
[2025-08-04T15:17:18.206+0000] {logging_mixin.py:188} INFO - [2025-08-04T15:17:18.206+0000] {dag.py:3954} INFO - Setting next_dagrun for consume_1_or_both_2_and_3_with_dataset_expressions to None, run_after=None
[2025-08-04T15:17:18.208+0000] {logging_mixin.py:188} INFO - [2025-08-04T15:17:18.208+0000] {dag.py:3954} INFO - Setting next_dagrun for dataset_consumes_1 to None, run_after=None
[2025-08-04T15:17:18.218+0000] {logging_mixin.py:188} INFO - [2025-08-04T15:17:18.217+0000] {dag.py:3954} INFO - Setting next_dagrun for dataset_consumes_1_and_2 to None, run_after=None
[2025-08-04T15:17:18.221+0000] {logging_mixin.py:188} INFO - [2025-08-04T15:17:18.220+0000] {dag.py:3954} INFO - Setting next_dagrun for dataset_consumes_1_never_scheduled to None, run_after=None
[2025-08-04T15:17:18.226+0000] {logging_mixin.py:188} INFO - [2025-08-04T15:17:18.225+0000] {dag.py:3954} INFO - Setting next_dagrun for dataset_consumes_unknown_never_scheduled to None, run_after=None
[2025-08-04T15:17:18.233+0000] {logging_mixin.py:188} INFO - [2025-08-04T15:17:18.233+0000] {dag.py:3954} INFO - Setting next_dagrun for dataset_produces_1 to 2025-08-03 00:00:00+00:00, run_after=2025-08-04 00:00:00+00:00
[2025-08-04T15:17:18.238+0000] {logging_mixin.py:188} INFO - [2025-08-04T15:17:18.238+0000] {dag.py:3954} INFO - Setting next_dagrun for dataset_produces_2 to None, run_after=None
[2025-08-04T15:17:18.289+0000] {processor.py:183} INFO - Processing /home/airflow/.local/lib/python3.12/site-packages/airflow/example_dags/example_datasets.py took 0.207 seconds
[2025-08-04T15:17:48.726+0000] {processor.py:161} INFO - Started process (PID=208) to work on /home/airflow/.local/lib/python3.12/site-packages/airflow/example_dags/example_datasets.py
[2025-08-04T15:17:48.727+0000] {processor.py:830} INFO - Processing file /home/airflow/.local/lib/python3.12/site-packages/airflow/example_dags/example_datasets.py for tasks to queue
[2025-08-04T15:17:48.728+0000] {logging_mixin.py:188} INFO - [2025-08-04T15:17:48.728+0000] {dagbag.py:545} INFO - Filling up the DagBag from /home/airflow/.local/lib/python3.12/site-packages/airflow/example_dags/example_datasets.py
[2025-08-04T15:17:48.739+0000] {processor.py:840} INFO - DAG(s) 'dataset_produces_1', 'dataset_produces_2', 'consume_1_and_2_with_dataset_expressions', 'dataset_consumes_1_never_scheduled', 'dataset_consumes_unknown_never_scheduled', 'conditional_dataset_and_time_based_timetable', 'consume_1_or_2_with_dataset_expressions', 'dataset_consumes_1', 'dataset_consumes_1_and_2', 'consume_1_or_both_2_and_3_with_dataset_expressions' retrieved from /home/airflow/.local/lib/python3.12/site-packages/airflow/example_dags/example_datasets.py
[2025-08-04T15:17:48.765+0000] {logging_mixin.py:188} INFO - [2025-08-04T15:17:48.765+0000] {dag.py:3096} INFO - Sync 10 DAGs
[2025-08-04T15:17:48.777+0000] {logging_mixin.py:188} INFO - [2025-08-04T15:17:48.777+0000] {dag.py:3954} INFO - Setting next_dagrun for conditional_dataset_and_time_based_timetable to 2025-07-30 01:00:00+00:00, run_after=2025-07-30 01:00:00+00:00
[2025-08-04T15:17:48.779+0000] {logging_mixin.py:188} INFO - [2025-08-04T15:17:48.779+0000] {dag.py:3954} INFO - Setting next_dagrun for consume_1_and_2_with_dataset_expressions to None, run_after=None
[2025-08-04T15:17:48.780+0000] {logging_mixin.py:188} INFO - [2025-08-04T15:17:48.779+0000] {dag.py:3954} INFO - Setting next_dagrun for consume_1_or_2_with_dataset_expressions to None, run_after=None
[2025-08-04T15:17:48.780+0000] {logging_mixin.py:188} INFO - [2025-08-04T15:17:48.780+0000] {dag.py:3954} INFO - Setting next_dagrun for consume_1_or_both_2_and_3_with_dataset_expressions to None, run_after=None
[2025-08-04T15:17:48.780+0000] {logging_mixin.py:188} INFO - [2025-08-04T15:17:48.780+0000] {dag.py:3954} INFO - Setting next_dagrun for dataset_consumes_1 to None, run_after=None
[2025-08-04T15:17:48.781+0000] {logging_mixin.py:188} INFO - [2025-08-04T15:17:48.781+0000] {dag.py:3954} INFO - Setting next_dagrun for dataset_consumes_1_and_2 to None, run_after=None
[2025-08-04T15:17:48.782+0000] {logging_mixin.py:188} INFO - [2025-08-04T15:17:48.782+0000] {dag.py:3954} INFO - Setting next_dagrun for dataset_consumes_1_never_scheduled to None, run_after=None
[2025-08-04T15:17:48.782+0000] {logging_mixin.py:188} INFO - [2025-08-04T15:17:48.782+0000] {dag.py:3954} INFO - Setting next_dagrun for dataset_consumes_unknown_never_scheduled to None, run_after=None
[2025-08-04T15:17:48.783+0000] {logging_mixin.py:188} INFO - [2025-08-04T15:17:48.783+0000] {dag.py:3954} INFO - Setting next_dagrun for dataset_produces_1 to 2025-08-03 00:00:00+00:00, run_after=2025-08-04 00:00:00+00:00
[2025-08-04T15:17:48.783+0000] {logging_mixin.py:188} INFO - [2025-08-04T15:17:48.783+0000] {dag.py:3954} INFO - Setting next_dagrun for dataset_produces_2 to None, run_after=None
[2025-08-04T15:17:48.799+0000] {processor.py:183} INFO - Processing /home/airflow/.local/lib/python3.12/site-packages/airflow/example_dags/example_datasets.py took 0.079 seconds
[2025-08-04T15:18:19.338+0000] {processor.py:161} INFO - Started process (PID=266) to work on /home/airflow/.local/lib/python3.12/site-packages/airflow/example_dags/example_datasets.py
[2025-08-04T15:18:19.339+0000] {processor.py:830} INFO - Processing file /home/airflow/.local/lib/python3.12/site-packages/airflow/example_dags/example_datasets.py for tasks to queue
[2025-08-04T15:18:19.340+0000] {logging_mixin.py:188} INFO - [2025-08-04T15:18:19.340+0000] {dagbag.py:545} INFO - Filling up the DagBag from /home/airflow/.local/lib/python3.12/site-packages/airflow/example_dags/example_datasets.py
[2025-08-04T15:18:19.353+0000] {processor.py:840} INFO - DAG(s) 'dataset_consumes_1_never_scheduled', 'consume_1_or_2_with_dataset_expressions', 'consume_1_or_both_2_and_3_with_dataset_expressions', 'dataset_produces_2', 'dataset_consumes_1_and_2', 'conditional_dataset_and_time_based_timetable', 'dataset_consumes_unknown_never_scheduled', 'consume_1_and_2_with_dataset_expressions', 'dataset_consumes_1', 'dataset_produces_1' retrieved from /home/airflow/.local/lib/python3.12/site-packages/airflow/example_dags/example_datasets.py
[2025-08-04T15:18:19.382+0000] {logging_mixin.py:188} INFO - [2025-08-04T15:18:19.382+0000] {dag.py:3096} INFO - Sync 10 DAGs
[2025-08-04T15:18:19.398+0000] {logging_mixin.py:188} INFO - [2025-08-04T15:18:19.398+0000] {dag.py:3954} INFO - Setting next_dagrun for conditional_dataset_and_time_based_timetable to 2025-07-30 01:00:00+00:00, run_after=2025-07-30 01:00:00+00:00
[2025-08-04T15:18:19.400+0000] {logging_mixin.py:188} INFO - [2025-08-04T15:18:19.400+0000] {dag.py:3954} INFO - Setting next_dagrun for consume_1_and_2_with_dataset_expressions to None, run_after=None
[2025-08-04T15:18:19.400+0000] {logging_mixin.py:188} INFO - [2025-08-04T15:18:19.400+0000] {dag.py:3954} INFO - Setting next_dagrun for consume_1_or_2_with_dataset_expressions to None, run_after=None
[2025-08-04T15:18:19.401+0000] {logging_mixin.py:188} INFO - [2025-08-04T15:18:19.401+0000] {dag.py:3954} INFO - Setting next_dagrun for consume_1_or_both_2_and_3_with_dataset_expressions to None, run_after=None
[2025-08-04T15:18:19.401+0000] {logging_mixin.py:188} INFO - [2025-08-04T15:18:19.401+0000] {dag.py:3954} INFO - Setting next_dagrun for dataset_consumes_1 to None, run_after=None
[2025-08-04T15:18:19.403+0000] {logging_mixin.py:188} INFO - [2025-08-04T15:18:19.402+0000] {dag.py:3954} INFO - Setting next_dagrun for dataset_consumes_1_and_2 to None, run_after=None
[2025-08-04T15:18:19.403+0000] {logging_mixin.py:188} INFO - [2025-08-04T15:18:19.403+0000] {dag.py:3954} INFO - Setting next_dagrun for dataset_consumes_1_never_scheduled to None, run_after=None
[2025-08-04T15:18:19.404+0000] {logging_mixin.py:188} INFO - [2025-08-04T15:18:19.404+0000] {dag.py:3954} INFO - Setting next_dagrun for dataset_consumes_unknown_never_scheduled to None, run_after=None
[2025-08-04T15:18:19.406+0000] {logging_mixin.py:188} INFO - [2025-08-04T15:18:19.406+0000] {dag.py:3954} INFO - Setting next_dagrun for dataset_produces_1 to 2025-08-03 00:00:00+00:00, run_after=2025-08-04 00:00:00+00:00
[2025-08-04T15:18:19.407+0000] {logging_mixin.py:188} INFO - [2025-08-04T15:18:19.407+0000] {dag.py:3954} INFO - Setting next_dagrun for dataset_produces_2 to None, run_after=None
[2025-08-04T15:18:19.423+0000] {processor.py:183} INFO - Processing /home/airflow/.local/lib/python3.12/site-packages/airflow/example_dags/example_datasets.py took 0.088 seconds
[2025-08-04T15:18:50.721+0000] {processor.py:161} INFO - Started process (PID=324) to work on /home/airflow/.local/lib/python3.12/site-packages/airflow/example_dags/example_datasets.py
[2025-08-04T15:18:50.729+0000] {processor.py:830} INFO - Processing file /home/airflow/.local/lib/python3.12/site-packages/airflow/example_dags/example_datasets.py for tasks to queue
[2025-08-04T15:18:50.775+0000] {logging_mixin.py:188} INFO - [2025-08-04T15:18:50.774+0000] {dagbag.py:545} INFO - Filling up the DagBag from /home/airflow/.local/lib/python3.12/site-packages/airflow/example_dags/example_datasets.py
[2025-08-04T15:18:50.948+0000] {processor.py:840} INFO - DAG(s) 'dataset_consumes_1_and_2', 'consume_1_or_both_2_and_3_with_dataset_expressions', 'conditional_dataset_and_time_based_timetable', 'consume_1_or_2_with_dataset_expressions', 'dataset_produces_1', 'dataset_produces_2', 'consume_1_and_2_with_dataset_expressions', 'dataset_consumes_1', 'dataset_consumes_1_never_scheduled', 'dataset_consumes_unknown_never_scheduled' retrieved from /home/airflow/.local/lib/python3.12/site-packages/airflow/example_dags/example_datasets.py
[2025-08-04T15:18:51.056+0000] {logging_mixin.py:188} INFO - [2025-08-04T15:18:51.056+0000] {dag.py:3096} INFO - Sync 10 DAGs
[2025-08-04T15:18:51.217+0000] {logging_mixin.py:188} INFO - [2025-08-04T15:18:51.216+0000] {dag.py:3954} INFO - Setting next_dagrun for conditional_dataset_and_time_based_timetable to 2025-07-30 01:00:00+00:00, run_after=2025-07-30 01:00:00+00:00
[2025-08-04T15:18:51.229+0000] {logging_mixin.py:188} INFO - [2025-08-04T15:18:51.228+0000] {dag.py:3954} INFO - Setting next_dagrun for consume_1_and_2_with_dataset_expressions to None, run_after=None
[2025-08-04T15:18:51.233+0000] {logging_mixin.py:188} INFO - [2025-08-04T15:18:51.233+0000] {dag.py:3954} INFO - Setting next_dagrun for consume_1_or_2_with_dataset_expressions to None, run_after=None
[2025-08-04T15:18:51.236+0000] {logging_mixin.py:188} INFO - [2025-08-04T15:18:51.236+0000] {dag.py:3954} INFO - Setting next_dagrun for consume_1_or_both_2_and_3_with_dataset_expressions to None, run_after=None
[2025-08-04T15:18:51.242+0000] {logging_mixin.py:188} INFO - [2025-08-04T15:18:51.241+0000] {dag.py:3954} INFO - Setting next_dagrun for dataset_consumes_1 to None, run_after=None
[2025-08-04T15:18:51.243+0000] {logging_mixin.py:188} INFO - [2025-08-04T15:18:51.243+0000] {dag.py:3954} INFO - Setting next_dagrun for dataset_consumes_1_and_2 to None, run_after=None
[2025-08-04T15:18:51.246+0000] {logging_mixin.py:188} INFO - [2025-08-04T15:18:51.246+0000] {dag.py:3954} INFO - Setting next_dagrun for dataset_consumes_1_never_scheduled to None, run_after=None
[2025-08-04T15:18:51.253+0000] {logging_mixin.py:188} INFO - [2025-08-04T15:18:51.252+0000] {dag.py:3954} INFO - Setting next_dagrun for dataset_consumes_unknown_never_scheduled to None, run_after=None
[2025-08-04T15:18:51.299+0000] {logging_mixin.py:188} INFO - [2025-08-04T15:18:51.275+0000] {dag.py:3954} INFO - Setting next_dagrun for dataset_produces_1 to 2025-08-03 00:00:00+00:00, run_after=2025-08-04 00:00:00+00:00
[2025-08-04T15:18:51.320+0000] {logging_mixin.py:188} INFO - [2025-08-04T15:18:51.320+0000] {dag.py:3954} INFO - Setting next_dagrun for dataset_produces_2 to None, run_after=None
[2025-08-04T15:18:51.504+0000] {processor.py:183} INFO - Processing /home/airflow/.local/lib/python3.12/site-packages/airflow/example_dags/example_datasets.py took 0.845 seconds
[2025-08-04T15:19:22.252+0000] {processor.py:161} INFO - Started process (PID=382) to work on /home/airflow/.local/lib/python3.12/site-packages/airflow/example_dags/example_datasets.py
[2025-08-04T15:19:22.253+0000] {processor.py:830} INFO - Processing file /home/airflow/.local/lib/python3.12/site-packages/airflow/example_dags/example_datasets.py for tasks to queue
[2025-08-04T15:19:22.255+0000] {logging_mixin.py:188} INFO - [2025-08-04T15:19:22.255+0000] {dagbag.py:545} INFO - Filling up the DagBag from /home/airflow/.local/lib/python3.12/site-packages/airflow/example_dags/example_datasets.py
[2025-08-04T15:19:22.267+0000] {processor.py:840} INFO - DAG(s) 'dataset_consumes_unknown_never_scheduled', 'consume_1_or_2_with_dataset_expressions', 'dataset_consumes_1_and_2', 'dataset_produces_1', 'dataset_consumes_1_never_scheduled', 'consume_1_and_2_with_dataset_expressions', 'conditional_dataset_and_time_based_timetable', 'dataset_produces_2', 'dataset_consumes_1', 'consume_1_or_both_2_and_3_with_dataset_expressions' retrieved from /home/airflow/.local/lib/python3.12/site-packages/airflow/example_dags/example_datasets.py
[2025-08-04T15:19:22.303+0000] {logging_mixin.py:188} INFO - [2025-08-04T15:19:22.303+0000] {dag.py:3096} INFO - Sync 10 DAGs
[2025-08-04T15:19:22.318+0000] {logging_mixin.py:188} INFO - [2025-08-04T15:19:22.318+0000] {dag.py:3954} INFO - Setting next_dagrun for conditional_dataset_and_time_based_timetable to 2025-07-30 01:00:00+00:00, run_after=2025-07-30 01:00:00+00:00
[2025-08-04T15:19:22.321+0000] {logging_mixin.py:188} INFO - [2025-08-04T15:19:22.321+0000] {dag.py:3954} INFO - Setting next_dagrun for consume_1_and_2_with_dataset_expressions to None, run_after=None
[2025-08-04T15:19:22.322+0000] {logging_mixin.py:188} INFO - [2025-08-04T15:19:22.322+0000] {dag.py:3954} INFO - Setting next_dagrun for consume_1_or_2_with_dataset_expressions to None, run_after=None
[2025-08-04T15:19:22.322+0000] {logging_mixin.py:188} INFO - [2025-08-04T15:19:22.322+0000] {dag.py:3954} INFO - Setting next_dagrun for consume_1_or_both_2_and_3_with_dataset_expressions to None, run_after=None
[2025-08-04T15:19:22.323+0000] {logging_mixin.py:188} INFO - [2025-08-04T15:19:22.323+0000] {dag.py:3954} INFO - Setting next_dagrun for dataset_consumes_1 to None, run_after=None
[2025-08-04T15:19:22.324+0000] {logging_mixin.py:188} INFO - [2025-08-04T15:19:22.324+0000] {dag.py:3954} INFO - Setting next_dagrun for dataset_consumes_1_and_2 to None, run_after=None
[2025-08-04T15:19:22.325+0000] {logging_mixin.py:188} INFO - [2025-08-04T15:19:22.324+0000] {dag.py:3954} INFO - Setting next_dagrun for dataset_consumes_1_never_scheduled to None, run_after=None
[2025-08-04T15:19:22.325+0000] {logging_mixin.py:188} INFO - [2025-08-04T15:19:22.325+0000] {dag.py:3954} INFO - Setting next_dagrun for dataset_consumes_unknown_never_scheduled to None, run_after=None
[2025-08-04T15:19:22.326+0000] {logging_mixin.py:188} INFO - [2025-08-04T15:19:22.326+0000] {dag.py:3954} INFO - Setting next_dagrun for dataset_produces_1 to 2025-08-03 00:00:00+00:00, run_after=2025-08-04 00:00:00+00:00
[2025-08-04T15:19:22.327+0000] {logging_mixin.py:188} INFO - [2025-08-04T15:19:22.327+0000] {dag.py:3954} INFO - Setting next_dagrun for dataset_produces_2 to None, run_after=None
[2025-08-04T15:19:22.340+0000] {processor.py:183} INFO - Processing /home/airflow/.local/lib/python3.12/site-packages/airflow/example_dags/example_datasets.py took 0.092 seconds
[2025-08-04T15:27:14.009+0000] {processor.py:161} INFO - Started process (PID=91) to work on /home/airflow/.local/lib/python3.12/site-packages/airflow/example_dags/example_datasets.py
[2025-08-04T15:27:14.037+0000] {processor.py:830} INFO - Processing file /home/airflow/.local/lib/python3.12/site-packages/airflow/example_dags/example_datasets.py for tasks to queue
[2025-08-04T15:27:14.070+0000] {logging_mixin.py:188} INFO - [2025-08-04T15:27:14.056+0000] {dagbag.py:545} INFO - Filling up the DagBag from /home/airflow/.local/lib/python3.12/site-packages/airflow/example_dags/example_datasets.py
[2025-08-04T15:27:14.174+0000] {processor.py:840} INFO - DAG(s) 'dataset_consumes_1_and_2', 'consume_1_and_2_with_dataset_expressions', 'dataset_produces_1', 'dataset_consumes_unknown_never_scheduled', 'dataset_consumes_1', 'conditional_dataset_and_time_based_timetable', 'dataset_produces_2', 'dataset_consumes_1_never_scheduled', 'consume_1_or_2_with_dataset_expressions', 'consume_1_or_both_2_and_3_with_dataset_expressions' retrieved from /home/airflow/.local/lib/python3.12/site-packages/airflow/example_dags/example_datasets.py
[2025-08-04T15:27:14.333+0000] {logging_mixin.py:188} INFO - [2025-08-04T15:27:14.333+0000] {dag.py:3096} INFO - Sync 10 DAGs
[2025-08-04T15:27:14.713+0000] {logging_mixin.py:188} INFO - [2025-08-04T15:27:14.713+0000] {dag.py:3954} INFO - Setting next_dagrun for conditional_dataset_and_time_based_timetable to 2025-07-30 01:00:00+00:00, run_after=2025-07-30 01:00:00+00:00
[2025-08-04T15:27:14.814+0000] {logging_mixin.py:188} INFO - [2025-08-04T15:27:14.813+0000] {dag.py:3954} INFO - Setting next_dagrun for consume_1_and_2_with_dataset_expressions to None, run_after=None
[2025-08-04T15:27:14.859+0000] {logging_mixin.py:188} INFO - [2025-08-04T15:27:14.856+0000] {dag.py:3954} INFO - Setting next_dagrun for consume_1_or_2_with_dataset_expressions to None, run_after=None
[2025-08-04T15:27:14.865+0000] {logging_mixin.py:188} INFO - [2025-08-04T15:27:14.865+0000] {dag.py:3954} INFO - Setting next_dagrun for consume_1_or_both_2_and_3_with_dataset_expressions to None, run_after=None
[2025-08-04T15:27:14.881+0000] {logging_mixin.py:188} INFO - [2025-08-04T15:27:14.881+0000] {dag.py:3954} INFO - Setting next_dagrun for dataset_consumes_1 to None, run_after=None
[2025-08-04T15:27:14.903+0000] {logging_mixin.py:188} INFO - [2025-08-04T15:27:14.902+0000] {dag.py:3954} INFO - Setting next_dagrun for dataset_consumes_1_and_2 to None, run_after=None
[2025-08-04T15:27:14.936+0000] {logging_mixin.py:188} INFO - [2025-08-04T15:27:14.930+0000] {dag.py:3954} INFO - Setting next_dagrun for dataset_consumes_1_never_scheduled to None, run_after=None
[2025-08-04T15:27:14.964+0000] {logging_mixin.py:188} INFO - [2025-08-04T15:27:14.964+0000] {dag.py:3954} INFO - Setting next_dagrun for dataset_consumes_unknown_never_scheduled to None, run_after=None
[2025-08-04T15:27:15.021+0000] {logging_mixin.py:188} INFO - [2025-08-04T15:27:15.020+0000] {dag.py:3954} INFO - Setting next_dagrun for dataset_produces_1 to 2025-08-03 00:00:00+00:00, run_after=2025-08-04 00:00:00+00:00
[2025-08-04T15:27:15.097+0000] {logging_mixin.py:188} INFO - [2025-08-04T15:27:15.097+0000] {dag.py:3954} INFO - Setting next_dagrun for dataset_produces_2 to None, run_after=None
[2025-08-04T15:27:15.725+0000] {processor.py:183} INFO - Processing /home/airflow/.local/lib/python3.12/site-packages/airflow/example_dags/example_datasets.py took 1.723 seconds
[2025-08-04T15:27:46.836+0000] {processor.py:161} INFO - Started process (PID=149) to work on /home/airflow/.local/lib/python3.12/site-packages/airflow/example_dags/example_datasets.py
[2025-08-04T15:27:46.837+0000] {processor.py:830} INFO - Processing file /home/airflow/.local/lib/python3.12/site-packages/airflow/example_dags/example_datasets.py for tasks to queue
[2025-08-04T15:27:46.839+0000] {logging_mixin.py:188} INFO - [2025-08-04T15:27:46.839+0000] {dagbag.py:545} INFO - Filling up the DagBag from /home/airflow/.local/lib/python3.12/site-packages/airflow/example_dags/example_datasets.py
[2025-08-04T15:27:46.857+0000] {processor.py:840} INFO - DAG(s) 'dataset_consumes_1_and_2', 'dataset_consumes_unknown_never_scheduled', 'conditional_dataset_and_time_based_timetable', 'dataset_consumes_1_never_scheduled', 'consume_1_and_2_with_dataset_expressions', 'consume_1_or_2_with_dataset_expressions', 'consume_1_or_both_2_and_3_with_dataset_expressions', 'dataset_consumes_1', 'dataset_produces_1', 'dataset_produces_2' retrieved from /home/airflow/.local/lib/python3.12/site-packages/airflow/example_dags/example_datasets.py
[2025-08-04T15:27:46.888+0000] {logging_mixin.py:188} INFO - [2025-08-04T15:27:46.888+0000] {dag.py:3096} INFO - Sync 10 DAGs
[2025-08-04T15:27:46.900+0000] {logging_mixin.py:188} INFO - [2025-08-04T15:27:46.900+0000] {dag.py:3954} INFO - Setting next_dagrun for conditional_dataset_and_time_based_timetable to 2025-07-30 01:00:00+00:00, run_after=2025-07-30 01:00:00+00:00
[2025-08-04T15:27:46.902+0000] {logging_mixin.py:188} INFO - [2025-08-04T15:27:46.902+0000] {dag.py:3954} INFO - Setting next_dagrun for consume_1_and_2_with_dataset_expressions to None, run_after=None
[2025-08-04T15:27:46.903+0000] {logging_mixin.py:188} INFO - [2025-08-04T15:27:46.903+0000] {dag.py:3954} INFO - Setting next_dagrun for consume_1_or_2_with_dataset_expressions to None, run_after=None
[2025-08-04T15:27:46.903+0000] {logging_mixin.py:188} INFO - [2025-08-04T15:27:46.903+0000] {dag.py:3954} INFO - Setting next_dagrun for consume_1_or_both_2_and_3_with_dataset_expressions to None, run_after=None
[2025-08-04T15:27:46.904+0000] {logging_mixin.py:188} INFO - [2025-08-04T15:27:46.904+0000] {dag.py:3954} INFO - Setting next_dagrun for dataset_consumes_1 to None, run_after=None
[2025-08-04T15:27:46.904+0000] {logging_mixin.py:188} INFO - [2025-08-04T15:27:46.904+0000] {dag.py:3954} INFO - Setting next_dagrun for dataset_consumes_1_and_2 to None, run_after=None
[2025-08-04T15:27:46.905+0000] {logging_mixin.py:188} INFO - [2025-08-04T15:27:46.904+0000] {dag.py:3954} INFO - Setting next_dagrun for dataset_consumes_1_never_scheduled to None, run_after=None
[2025-08-04T15:27:46.905+0000] {logging_mixin.py:188} INFO - [2025-08-04T15:27:46.905+0000] {dag.py:3954} INFO - Setting next_dagrun for dataset_consumes_unknown_never_scheduled to None, run_after=None
[2025-08-04T15:27:46.906+0000] {logging_mixin.py:188} INFO - [2025-08-04T15:27:46.906+0000] {dag.py:3954} INFO - Setting next_dagrun for dataset_produces_1 to 2025-08-03 00:00:00+00:00, run_after=2025-08-04 00:00:00+00:00
[2025-08-04T15:27:46.906+0000] {logging_mixin.py:188} INFO - [2025-08-04T15:27:46.906+0000] {dag.py:3954} INFO - Setting next_dagrun for dataset_produces_2 to None, run_after=None
[2025-08-04T15:27:46.925+0000] {processor.py:183} INFO - Processing /home/airflow/.local/lib/python3.12/site-packages/airflow/example_dags/example_datasets.py took 0.096 seconds
[2025-08-04T15:28:16.965+0000] {processor.py:161} INFO - Started process (PID=208) to work on /home/airflow/.local/lib/python3.12/site-packages/airflow/example_dags/example_datasets.py
[2025-08-04T15:28:16.966+0000] {processor.py:830} INFO - Processing file /home/airflow/.local/lib/python3.12/site-packages/airflow/example_dags/example_datasets.py for tasks to queue
[2025-08-04T15:28:16.970+0000] {logging_mixin.py:188} INFO - [2025-08-04T15:28:16.970+0000] {dagbag.py:545} INFO - Filling up the DagBag from /home/airflow/.local/lib/python3.12/site-packages/airflow/example_dags/example_datasets.py
[2025-08-04T15:28:16.999+0000] {processor.py:840} INFO - DAG(s) 'consume_1_or_both_2_and_3_with_dataset_expressions', 'dataset_produces_1', 'dataset_consumes_unknown_never_scheduled', 'dataset_produces_2', 'consume_1_or_2_with_dataset_expressions', 'conditional_dataset_and_time_based_timetable', 'dataset_consumes_1_and_2', 'dataset_consumes_1_never_scheduled', 'consume_1_and_2_with_dataset_expressions', 'dataset_consumes_1' retrieved from /home/airflow/.local/lib/python3.12/site-packages/airflow/example_dags/example_datasets.py
[2025-08-04T15:28:17.049+0000] {logging_mixin.py:188} INFO - [2025-08-04T15:28:17.049+0000] {dag.py:3096} INFO - Sync 10 DAGs
[2025-08-04T15:28:17.069+0000] {logging_mixin.py:188} INFO - [2025-08-04T15:28:17.069+0000] {dag.py:3954} INFO - Setting next_dagrun for conditional_dataset_and_time_based_timetable to 2025-07-30 01:00:00+00:00, run_after=2025-07-30 01:00:00+00:00
[2025-08-04T15:28:17.071+0000] {logging_mixin.py:188} INFO - [2025-08-04T15:28:17.071+0000] {dag.py:3954} INFO - Setting next_dagrun for consume_1_and_2_with_dataset_expressions to None, run_after=None
[2025-08-04T15:28:17.072+0000] {logging_mixin.py:188} INFO - [2025-08-04T15:28:17.071+0000] {dag.py:3954} INFO - Setting next_dagrun for consume_1_or_2_with_dataset_expressions to None, run_after=None
[2025-08-04T15:28:17.072+0000] {logging_mixin.py:188} INFO - [2025-08-04T15:28:17.072+0000] {dag.py:3954} INFO - Setting next_dagrun for consume_1_or_both_2_and_3_with_dataset_expressions to None, run_after=None
[2025-08-04T15:28:17.073+0000] {logging_mixin.py:188} INFO - [2025-08-04T15:28:17.073+0000] {dag.py:3954} INFO - Setting next_dagrun for dataset_consumes_1 to None, run_after=None
[2025-08-04T15:28:17.074+0000] {logging_mixin.py:188} INFO - [2025-08-04T15:28:17.074+0000] {dag.py:3954} INFO - Setting next_dagrun for dataset_consumes_1_and_2 to None, run_after=None
[2025-08-04T15:28:17.074+0000] {logging_mixin.py:188} INFO - [2025-08-04T15:28:17.074+0000] {dag.py:3954} INFO - Setting next_dagrun for dataset_consumes_1_never_scheduled to None, run_after=None
[2025-08-04T15:28:17.075+0000] {logging_mixin.py:188} INFO - [2025-08-04T15:28:17.075+0000] {dag.py:3954} INFO - Setting next_dagrun for dataset_consumes_unknown_never_scheduled to None, run_after=None
[2025-08-04T15:28:17.076+0000] {logging_mixin.py:188} INFO - [2025-08-04T15:28:17.076+0000] {dag.py:3954} INFO - Setting next_dagrun for dataset_produces_1 to 2025-08-03 00:00:00+00:00, run_after=2025-08-04 00:00:00+00:00
[2025-08-04T15:28:17.077+0000] {logging_mixin.py:188} INFO - [2025-08-04T15:28:17.077+0000] {dag.py:3954} INFO - Setting next_dagrun for dataset_produces_2 to None, run_after=None
[2025-08-04T15:28:17.092+0000] {processor.py:183} INFO - Processing /home/airflow/.local/lib/python3.12/site-packages/airflow/example_dags/example_datasets.py took 0.131 seconds
[2025-08-04T15:28:47.333+0000] {processor.py:161} INFO - Started process (PID=265) to work on /home/airflow/.local/lib/python3.12/site-packages/airflow/example_dags/example_datasets.py
[2025-08-04T15:28:47.334+0000] {processor.py:830} INFO - Processing file /home/airflow/.local/lib/python3.12/site-packages/airflow/example_dags/example_datasets.py for tasks to queue
[2025-08-04T15:28:47.335+0000] {logging_mixin.py:188} INFO - [2025-08-04T15:28:47.335+0000] {dagbag.py:545} INFO - Filling up the DagBag from /home/airflow/.local/lib/python3.12/site-packages/airflow/example_dags/example_datasets.py
[2025-08-04T15:28:47.362+0000] {processor.py:840} INFO - DAG(s) 'conditional_dataset_and_time_based_timetable', 'dataset_produces_2', 'consume_1_or_2_with_dataset_expressions', 'dataset_consumes_unknown_never_scheduled', 'dataset_consumes_1_and_2', 'dataset_produces_1', 'dataset_consumes_1_never_scheduled', 'dataset_consumes_1', 'consume_1_or_both_2_and_3_with_dataset_expressions', 'consume_1_and_2_with_dataset_expressions' retrieved from /home/airflow/.local/lib/python3.12/site-packages/airflow/example_dags/example_datasets.py
[2025-08-04T15:28:47.425+0000] {logging_mixin.py:188} INFO - [2025-08-04T15:28:47.425+0000] {dag.py:3096} INFO - Sync 10 DAGs
[2025-08-04T15:28:47.451+0000] {logging_mixin.py:188} INFO - [2025-08-04T15:28:47.451+0000] {dag.py:3954} INFO - Setting next_dagrun for conditional_dataset_and_time_based_timetable to 2025-07-30 01:00:00+00:00, run_after=2025-07-30 01:00:00+00:00
[2025-08-04T15:28:47.454+0000] {logging_mixin.py:188} INFO - [2025-08-04T15:28:47.454+0000] {dag.py:3954} INFO - Setting next_dagrun for consume_1_and_2_with_dataset_expressions to None, run_after=None
[2025-08-04T15:28:47.456+0000] {logging_mixin.py:188} INFO - [2025-08-04T15:28:47.456+0000] {dag.py:3954} INFO - Setting next_dagrun for consume_1_or_2_with_dataset_expressions to None, run_after=None
[2025-08-04T15:28:47.457+0000] {logging_mixin.py:188} INFO - [2025-08-04T15:28:47.457+0000] {dag.py:3954} INFO - Setting next_dagrun for consume_1_or_both_2_and_3_with_dataset_expressions to None, run_after=None
[2025-08-04T15:28:47.457+0000] {logging_mixin.py:188} INFO - [2025-08-04T15:28:47.457+0000] {dag.py:3954} INFO - Setting next_dagrun for dataset_consumes_1 to None, run_after=None
[2025-08-04T15:28:47.458+0000] {logging_mixin.py:188} INFO - [2025-08-04T15:28:47.458+0000] {dag.py:3954} INFO - Setting next_dagrun for dataset_consumes_1_and_2 to None, run_after=None
[2025-08-04T15:28:47.460+0000] {logging_mixin.py:188} INFO - [2025-08-04T15:28:47.460+0000] {dag.py:3954} INFO - Setting next_dagrun for dataset_consumes_1_never_scheduled to None, run_after=None
[2025-08-04T15:28:47.461+0000] {logging_mixin.py:188} INFO - [2025-08-04T15:28:47.461+0000] {dag.py:3954} INFO - Setting next_dagrun for dataset_consumes_unknown_never_scheduled to None, run_after=None
[2025-08-04T15:28:47.462+0000] {logging_mixin.py:188} INFO - [2025-08-04T15:28:47.462+0000] {dag.py:3954} INFO - Setting next_dagrun for dataset_produces_1 to 2025-08-03 00:00:00+00:00, run_after=2025-08-04 00:00:00+00:00
[2025-08-04T15:28:47.463+0000] {logging_mixin.py:188} INFO - [2025-08-04T15:28:47.463+0000] {dag.py:3954} INFO - Setting next_dagrun for dataset_produces_2 to None, run_after=None
[2025-08-04T15:28:47.515+0000] {processor.py:183} INFO - Processing /home/airflow/.local/lib/python3.12/site-packages/airflow/example_dags/example_datasets.py took 0.186 seconds
[2025-08-04T15:29:17.876+0000] {processor.py:161} INFO - Started process (PID=323) to work on /home/airflow/.local/lib/python3.12/site-packages/airflow/example_dags/example_datasets.py
[2025-08-04T15:29:17.877+0000] {processor.py:830} INFO - Processing file /home/airflow/.local/lib/python3.12/site-packages/airflow/example_dags/example_datasets.py for tasks to queue
[2025-08-04T15:29:17.879+0000] {logging_mixin.py:188} INFO - [2025-08-04T15:29:17.878+0000] {dagbag.py:545} INFO - Filling up the DagBag from /home/airflow/.local/lib/python3.12/site-packages/airflow/example_dags/example_datasets.py
[2025-08-04T15:29:17.907+0000] {processor.py:840} INFO - DAG(s) 'consume_1_and_2_with_dataset_expressions', 'dataset_consumes_1_never_scheduled', 'consume_1_or_both_2_and_3_with_dataset_expressions', 'dataset_produces_2', 'dataset_consumes_unknown_never_scheduled', 'dataset_produces_1', 'conditional_dataset_and_time_based_timetable', 'consume_1_or_2_with_dataset_expressions', 'dataset_consumes_1_and_2', 'dataset_consumes_1' retrieved from /home/airflow/.local/lib/python3.12/site-packages/airflow/example_dags/example_datasets.py
[2025-08-04T15:29:17.965+0000] {logging_mixin.py:188} INFO - [2025-08-04T15:29:17.965+0000] {dag.py:3096} INFO - Sync 10 DAGs
[2025-08-04T15:29:17.983+0000] {logging_mixin.py:188} INFO - [2025-08-04T15:29:17.983+0000] {dag.py:3954} INFO - Setting next_dagrun for conditional_dataset_and_time_based_timetable to 2025-07-30 01:00:00+00:00, run_after=2025-07-30 01:00:00+00:00
[2025-08-04T15:29:17.984+0000] {logging_mixin.py:188} INFO - [2025-08-04T15:29:17.984+0000] {dag.py:3954} INFO - Setting next_dagrun for consume_1_and_2_with_dataset_expressions to None, run_after=None
[2025-08-04T15:29:17.985+0000] {logging_mixin.py:188} INFO - [2025-08-04T15:29:17.985+0000] {dag.py:3954} INFO - Setting next_dagrun for consume_1_or_2_with_dataset_expressions to None, run_after=None
[2025-08-04T15:29:17.986+0000] {logging_mixin.py:188} INFO - [2025-08-04T15:29:17.986+0000] {dag.py:3954} INFO - Setting next_dagrun for consume_1_or_both_2_and_3_with_dataset_expressions to None, run_after=None
[2025-08-04T15:29:17.986+0000] {logging_mixin.py:188} INFO - [2025-08-04T15:29:17.986+0000] {dag.py:3954} INFO - Setting next_dagrun for dataset_consumes_1 to None, run_after=None
[2025-08-04T15:29:17.988+0000] {logging_mixin.py:188} INFO - [2025-08-04T15:29:17.988+0000] {dag.py:3954} INFO - Setting next_dagrun for dataset_consumes_1_and_2 to None, run_after=None
[2025-08-04T15:29:17.991+0000] {logging_mixin.py:188} INFO - [2025-08-04T15:29:17.991+0000] {dag.py:3954} INFO - Setting next_dagrun for dataset_consumes_1_never_scheduled to None, run_after=None
[2025-08-04T15:29:17.991+0000] {logging_mixin.py:188} INFO - [2025-08-04T15:29:17.991+0000] {dag.py:3954} INFO - Setting next_dagrun for dataset_consumes_unknown_never_scheduled to None, run_after=None
[2025-08-04T15:29:17.992+0000] {logging_mixin.py:188} INFO - [2025-08-04T15:29:17.992+0000] {dag.py:3954} INFO - Setting next_dagrun for dataset_produces_1 to 2025-08-03 00:00:00+00:00, run_after=2025-08-04 00:00:00+00:00
[2025-08-04T15:29:17.995+0000] {logging_mixin.py:188} INFO - [2025-08-04T15:29:17.995+0000] {dag.py:3954} INFO - Setting next_dagrun for dataset_produces_2 to None, run_after=None
[2025-08-04T15:29:18.013+0000] {processor.py:183} INFO - Processing /home/airflow/.local/lib/python3.12/site-packages/airflow/example_dags/example_datasets.py took 0.147 seconds
[2025-08-04T15:29:48.443+0000] {processor.py:161} INFO - Started process (PID=381) to work on /home/airflow/.local/lib/python3.12/site-packages/airflow/example_dags/example_datasets.py
[2025-08-04T15:29:48.444+0000] {processor.py:830} INFO - Processing file /home/airflow/.local/lib/python3.12/site-packages/airflow/example_dags/example_datasets.py for tasks to queue
[2025-08-04T15:29:48.446+0000] {logging_mixin.py:188} INFO - [2025-08-04T15:29:48.446+0000] {dagbag.py:545} INFO - Filling up the DagBag from /home/airflow/.local/lib/python3.12/site-packages/airflow/example_dags/example_datasets.py
[2025-08-04T15:29:48.457+0000] {processor.py:840} INFO - DAG(s) 'dataset_consumes_1', 'dataset_consumes_1_and_2', 'dataset_consumes_unknown_never_scheduled', 'consume_1_or_both_2_and_3_with_dataset_expressions', 'conditional_dataset_and_time_based_timetable', 'dataset_produces_1', 'dataset_consumes_1_never_scheduled', 'dataset_produces_2', 'consume_1_or_2_with_dataset_expressions', 'consume_1_and_2_with_dataset_expressions' retrieved from /home/airflow/.local/lib/python3.12/site-packages/airflow/example_dags/example_datasets.py
[2025-08-04T15:29:48.486+0000] {logging_mixin.py:188} INFO - [2025-08-04T15:29:48.486+0000] {dag.py:3096} INFO - Sync 10 DAGs
[2025-08-04T15:29:48.502+0000] {logging_mixin.py:188} INFO - [2025-08-04T15:29:48.502+0000] {dag.py:3954} INFO - Setting next_dagrun for conditional_dataset_and_time_based_timetable to 2025-07-30 01:00:00+00:00, run_after=2025-07-30 01:00:00+00:00
[2025-08-04T15:29:48.505+0000] {logging_mixin.py:188} INFO - [2025-08-04T15:29:48.504+0000] {dag.py:3954} INFO - Setting next_dagrun for consume_1_and_2_with_dataset_expressions to None, run_after=None
[2025-08-04T15:29:48.505+0000] {logging_mixin.py:188} INFO - [2025-08-04T15:29:48.505+0000] {dag.py:3954} INFO - Setting next_dagrun for consume_1_or_2_with_dataset_expressions to None, run_after=None
[2025-08-04T15:29:48.506+0000] {logging_mixin.py:188} INFO - [2025-08-04T15:29:48.506+0000] {dag.py:3954} INFO - Setting next_dagrun for consume_1_or_both_2_and_3_with_dataset_expressions to None, run_after=None
[2025-08-04T15:29:48.507+0000] {logging_mixin.py:188} INFO - [2025-08-04T15:29:48.506+0000] {dag.py:3954} INFO - Setting next_dagrun for dataset_consumes_1 to None, run_after=None
[2025-08-04T15:29:48.507+0000] {logging_mixin.py:188} INFO - [2025-08-04T15:29:48.507+0000] {dag.py:3954} INFO - Setting next_dagrun for dataset_consumes_1_and_2 to None, run_after=None
[2025-08-04T15:29:48.508+0000] {logging_mixin.py:188} INFO - [2025-08-04T15:29:48.508+0000] {dag.py:3954} INFO - Setting next_dagrun for dataset_consumes_1_never_scheduled to None, run_after=None
[2025-08-04T15:29:48.508+0000] {logging_mixin.py:188} INFO - [2025-08-04T15:29:48.508+0000] {dag.py:3954} INFO - Setting next_dagrun for dataset_consumes_unknown_never_scheduled to None, run_after=None
[2025-08-04T15:29:48.509+0000] {logging_mixin.py:188} INFO - [2025-08-04T15:29:48.509+0000] {dag.py:3954} INFO - Setting next_dagrun for dataset_produces_1 to 2025-08-03 00:00:00+00:00, run_after=2025-08-04 00:00:00+00:00
[2025-08-04T15:29:48.510+0000] {logging_mixin.py:188} INFO - [2025-08-04T15:29:48.510+0000] {dag.py:3954} INFO - Setting next_dagrun for dataset_produces_2 to None, run_after=None
[2025-08-04T15:29:48.534+0000] {processor.py:183} INFO - Processing /home/airflow/.local/lib/python3.12/site-packages/airflow/example_dags/example_datasets.py took 0.095 seconds
[2025-08-04T15:30:18.799+0000] {processor.py:161} INFO - Started process (PID=439) to work on /home/airflow/.local/lib/python3.12/site-packages/airflow/example_dags/example_datasets.py
[2025-08-04T15:30:18.800+0000] {processor.py:830} INFO - Processing file /home/airflow/.local/lib/python3.12/site-packages/airflow/example_dags/example_datasets.py for tasks to queue
[2025-08-04T15:30:18.801+0000] {logging_mixin.py:188} INFO - [2025-08-04T15:30:18.801+0000] {dagbag.py:545} INFO - Filling up the DagBag from /home/airflow/.local/lib/python3.12/site-packages/airflow/example_dags/example_datasets.py
[2025-08-04T15:30:18.810+0000] {processor.py:840} INFO - DAG(s) 'dataset_produces_2', 'consume_1_or_both_2_and_3_with_dataset_expressions', 'dataset_consumes_unknown_never_scheduled', 'consume_1_or_2_with_dataset_expressions', 'conditional_dataset_and_time_based_timetable', 'dataset_consumes_1', 'consume_1_and_2_with_dataset_expressions', 'dataset_consumes_1_never_scheduled', 'dataset_produces_1', 'dataset_consumes_1_and_2' retrieved from /home/airflow/.local/lib/python3.12/site-packages/airflow/example_dags/example_datasets.py
[2025-08-04T15:30:18.837+0000] {logging_mixin.py:188} INFO - [2025-08-04T15:30:18.837+0000] {dag.py:3096} INFO - Sync 10 DAGs
[2025-08-04T15:30:18.849+0000] {logging_mixin.py:188} INFO - [2025-08-04T15:30:18.849+0000] {dag.py:3954} INFO - Setting next_dagrun for conditional_dataset_and_time_based_timetable to 2025-07-30 01:00:00+00:00, run_after=2025-07-30 01:00:00+00:00
[2025-08-04T15:30:18.850+0000] {logging_mixin.py:188} INFO - [2025-08-04T15:30:18.850+0000] {dag.py:3954} INFO - Setting next_dagrun for consume_1_and_2_with_dataset_expressions to None, run_after=None
[2025-08-04T15:30:18.851+0000] {logging_mixin.py:188} INFO - [2025-08-04T15:30:18.851+0000] {dag.py:3954} INFO - Setting next_dagrun for consume_1_or_2_with_dataset_expressions to None, run_after=None
[2025-08-04T15:30:18.851+0000] {logging_mixin.py:188} INFO - [2025-08-04T15:30:18.851+0000] {dag.py:3954} INFO - Setting next_dagrun for consume_1_or_both_2_and_3_with_dataset_expressions to None, run_after=None
[2025-08-04T15:30:18.852+0000] {logging_mixin.py:188} INFO - [2025-08-04T15:30:18.852+0000] {dag.py:3954} INFO - Setting next_dagrun for dataset_consumes_1 to None, run_after=None
[2025-08-04T15:30:18.852+0000] {logging_mixin.py:188} INFO - [2025-08-04T15:30:18.852+0000] {dag.py:3954} INFO - Setting next_dagrun for dataset_consumes_1_and_2 to None, run_after=None
[2025-08-04T15:30:18.853+0000] {logging_mixin.py:188} INFO - [2025-08-04T15:30:18.853+0000] {dag.py:3954} INFO - Setting next_dagrun for dataset_consumes_1_never_scheduled to None, run_after=None
[2025-08-04T15:30:18.854+0000] {logging_mixin.py:188} INFO - [2025-08-04T15:30:18.854+0000] {dag.py:3954} INFO - Setting next_dagrun for dataset_consumes_unknown_never_scheduled to None, run_after=None
[2025-08-04T15:30:18.854+0000] {logging_mixin.py:188} INFO - [2025-08-04T15:30:18.854+0000] {dag.py:3954} INFO - Setting next_dagrun for dataset_produces_1 to 2025-08-03 00:00:00+00:00, run_after=2025-08-04 00:00:00+00:00
[2025-08-04T15:30:18.857+0000] {logging_mixin.py:188} INFO - [2025-08-04T15:30:18.857+0000] {dag.py:3954} INFO - Setting next_dagrun for dataset_produces_2 to None, run_after=None
[2025-08-04T15:30:18.878+0000] {processor.py:183} INFO - Processing /home/airflow/.local/lib/python3.12/site-packages/airflow/example_dags/example_datasets.py took 0.083 seconds
[2025-08-04T15:30:49.548+0000] {processor.py:161} INFO - Started process (PID=497) to work on /home/airflow/.local/lib/python3.12/site-packages/airflow/example_dags/example_datasets.py
[2025-08-04T15:30:49.549+0000] {processor.py:830} INFO - Processing file /home/airflow/.local/lib/python3.12/site-packages/airflow/example_dags/example_datasets.py for tasks to queue
[2025-08-04T15:30:49.551+0000] {logging_mixin.py:188} INFO - [2025-08-04T15:30:49.550+0000] {dagbag.py:545} INFO - Filling up the DagBag from /home/airflow/.local/lib/python3.12/site-packages/airflow/example_dags/example_datasets.py
[2025-08-04T15:30:49.573+0000] {processor.py:840} INFO - DAG(s) 'dataset_consumes_1_never_scheduled', 'dataset_consumes_unknown_never_scheduled', 'dataset_consumes_1', 'dataset_produces_2', 'consume_1_and_2_with_dataset_expressions', 'consume_1_or_both_2_and_3_with_dataset_expressions', 'dataset_produces_1', 'conditional_dataset_and_time_based_timetable', 'consume_1_or_2_with_dataset_expressions', 'dataset_consumes_1_and_2' retrieved from /home/airflow/.local/lib/python3.12/site-packages/airflow/example_dags/example_datasets.py
[2025-08-04T15:30:49.620+0000] {logging_mixin.py:188} INFO - [2025-08-04T15:30:49.620+0000] {dag.py:3096} INFO - Sync 10 DAGs
[2025-08-04T15:30:49.643+0000] {logging_mixin.py:188} INFO - [2025-08-04T15:30:49.643+0000] {dag.py:3954} INFO - Setting next_dagrun for conditional_dataset_and_time_based_timetable to 2025-07-30 01:00:00+00:00, run_after=2025-07-30 01:00:00+00:00
[2025-08-04T15:30:49.647+0000] {logging_mixin.py:188} INFO - [2025-08-04T15:30:49.646+0000] {dag.py:3954} INFO - Setting next_dagrun for consume_1_and_2_with_dataset_expressions to None, run_after=None
[2025-08-04T15:30:49.648+0000] {logging_mixin.py:188} INFO - [2025-08-04T15:30:49.648+0000] {dag.py:3954} INFO - Setting next_dagrun for consume_1_or_2_with_dataset_expressions to None, run_after=None
[2025-08-04T15:30:49.651+0000] {logging_mixin.py:188} INFO - [2025-08-04T15:30:49.651+0000] {dag.py:3954} INFO - Setting next_dagrun for consume_1_or_both_2_and_3_with_dataset_expressions to None, run_after=None
[2025-08-04T15:30:49.653+0000] {logging_mixin.py:188} INFO - [2025-08-04T15:30:49.653+0000] {dag.py:3954} INFO - Setting next_dagrun for dataset_consumes_1 to None, run_after=None
[2025-08-04T15:30:49.655+0000] {logging_mixin.py:188} INFO - [2025-08-04T15:30:49.654+0000] {dag.py:3954} INFO - Setting next_dagrun for dataset_consumes_1_and_2 to None, run_after=None
[2025-08-04T15:30:49.656+0000] {logging_mixin.py:188} INFO - [2025-08-04T15:30:49.656+0000] {dag.py:3954} INFO - Setting next_dagrun for dataset_consumes_1_never_scheduled to None, run_after=None
[2025-08-04T15:30:49.656+0000] {logging_mixin.py:188} INFO - [2025-08-04T15:30:49.656+0000] {dag.py:3954} INFO - Setting next_dagrun for dataset_consumes_unknown_never_scheduled to None, run_after=None
[2025-08-04T15:30:49.658+0000] {logging_mixin.py:188} INFO - [2025-08-04T15:30:49.658+0000] {dag.py:3954} INFO - Setting next_dagrun for dataset_produces_1 to 2025-08-03 00:00:00+00:00, run_after=2025-08-04 00:00:00+00:00
[2025-08-04T15:30:49.659+0000] {logging_mixin.py:188} INFO - [2025-08-04T15:30:49.659+0000] {dag.py:3954} INFO - Setting next_dagrun for dataset_produces_2 to None, run_after=None
[2025-08-04T15:30:49.703+0000] {processor.py:183} INFO - Processing /home/airflow/.local/lib/python3.12/site-packages/airflow/example_dags/example_datasets.py took 0.158 seconds
[2025-08-04T15:31:19.867+0000] {processor.py:161} INFO - Started process (PID=555) to work on /home/airflow/.local/lib/python3.12/site-packages/airflow/example_dags/example_datasets.py
[2025-08-04T15:31:19.867+0000] {processor.py:830} INFO - Processing file /home/airflow/.local/lib/python3.12/site-packages/airflow/example_dags/example_datasets.py for tasks to queue
[2025-08-04T15:31:19.869+0000] {logging_mixin.py:188} INFO - [2025-08-04T15:31:19.869+0000] {dagbag.py:545} INFO - Filling up the DagBag from /home/airflow/.local/lib/python3.12/site-packages/airflow/example_dags/example_datasets.py
[2025-08-04T15:31:19.885+0000] {processor.py:840} INFO - DAG(s) 'consume_1_or_2_with_dataset_expressions', 'dataset_consumes_1_never_scheduled', 'dataset_produces_1', 'conditional_dataset_and_time_based_timetable', 'consume_1_or_both_2_and_3_with_dataset_expressions', 'dataset_consumes_1', 'dataset_consumes_1_and_2', 'dataset_consumes_unknown_never_scheduled', 'consume_1_and_2_with_dataset_expressions', 'dataset_produces_2' retrieved from /home/airflow/.local/lib/python3.12/site-packages/airflow/example_dags/example_datasets.py
[2025-08-04T15:31:19.917+0000] {logging_mixin.py:188} INFO - [2025-08-04T15:31:19.917+0000] {dag.py:3096} INFO - Sync 10 DAGs
[2025-08-04T15:31:19.932+0000] {logging_mixin.py:188} INFO - [2025-08-04T15:31:19.932+0000] {dag.py:3954} INFO - Setting next_dagrun for conditional_dataset_and_time_based_timetable to 2025-07-30 01:00:00+00:00, run_after=2025-07-30 01:00:00+00:00
[2025-08-04T15:31:19.934+0000] {logging_mixin.py:188} INFO - [2025-08-04T15:31:19.934+0000] {dag.py:3954} INFO - Setting next_dagrun for consume_1_and_2_with_dataset_expressions to None, run_after=None
[2025-08-04T15:31:19.935+0000] {logging_mixin.py:188} INFO - [2025-08-04T15:31:19.935+0000] {dag.py:3954} INFO - Setting next_dagrun for consume_1_or_2_with_dataset_expressions to None, run_after=None
[2025-08-04T15:31:19.935+0000] {logging_mixin.py:188} INFO - [2025-08-04T15:31:19.935+0000] {dag.py:3954} INFO - Setting next_dagrun for consume_1_or_both_2_and_3_with_dataset_expressions to None, run_after=None
[2025-08-04T15:31:19.936+0000] {logging_mixin.py:188} INFO - [2025-08-04T15:31:19.936+0000] {dag.py:3954} INFO - Setting next_dagrun for dataset_consumes_1 to None, run_after=None
[2025-08-04T15:31:19.936+0000] {logging_mixin.py:188} INFO - [2025-08-04T15:31:19.936+0000] {dag.py:3954} INFO - Setting next_dagrun for dataset_consumes_1_and_2 to None, run_after=None
[2025-08-04T15:31:19.937+0000] {logging_mixin.py:188} INFO - [2025-08-04T15:31:19.937+0000] {dag.py:3954} INFO - Setting next_dagrun for dataset_consumes_1_never_scheduled to None, run_after=None
[2025-08-04T15:31:19.938+0000] {logging_mixin.py:188} INFO - [2025-08-04T15:31:19.938+0000] {dag.py:3954} INFO - Setting next_dagrun for dataset_consumes_unknown_never_scheduled to None, run_after=None
[2025-08-04T15:31:19.939+0000] {logging_mixin.py:188} INFO - [2025-08-04T15:31:19.939+0000] {dag.py:3954} INFO - Setting next_dagrun for dataset_produces_1 to 2025-08-03 00:00:00+00:00, run_after=2025-08-04 00:00:00+00:00
[2025-08-04T15:31:19.940+0000] {logging_mixin.py:188} INFO - [2025-08-04T15:31:19.940+0000] {dag.py:3954} INFO - Setting next_dagrun for dataset_produces_2 to None, run_after=None
[2025-08-04T15:31:19.970+0000] {processor.py:183} INFO - Processing /home/airflow/.local/lib/python3.12/site-packages/airflow/example_dags/example_datasets.py took 0.107 seconds
[2025-08-04T15:31:50.450+0000] {processor.py:161} INFO - Started process (PID=613) to work on /home/airflow/.local/lib/python3.12/site-packages/airflow/example_dags/example_datasets.py
[2025-08-04T15:31:50.451+0000] {processor.py:830} INFO - Processing file /home/airflow/.local/lib/python3.12/site-packages/airflow/example_dags/example_datasets.py for tasks to queue
[2025-08-04T15:31:50.454+0000] {logging_mixin.py:188} INFO - [2025-08-04T15:31:50.453+0000] {dagbag.py:545} INFO - Filling up the DagBag from /home/airflow/.local/lib/python3.12/site-packages/airflow/example_dags/example_datasets.py
[2025-08-04T15:31:50.473+0000] {processor.py:840} INFO - DAG(s) 'dataset_consumes_1_never_scheduled', 'dataset_produces_2', 'consume_1_or_2_with_dataset_expressions', 'consume_1_and_2_with_dataset_expressions', 'dataset_consumes_unknown_never_scheduled', 'dataset_consumes_1_and_2', 'dataset_consumes_1', 'dataset_produces_1', 'consume_1_or_both_2_and_3_with_dataset_expressions', 'conditional_dataset_and_time_based_timetable' retrieved from /home/airflow/.local/lib/python3.12/site-packages/airflow/example_dags/example_datasets.py
[2025-08-04T15:31:50.525+0000] {logging_mixin.py:188} INFO - [2025-08-04T15:31:50.525+0000] {dag.py:3096} INFO - Sync 10 DAGs
[2025-08-04T15:31:50.542+0000] {logging_mixin.py:188} INFO - [2025-08-04T15:31:50.542+0000] {dag.py:3954} INFO - Setting next_dagrun for conditional_dataset_and_time_based_timetable to 2025-07-30 01:00:00+00:00, run_after=2025-07-30 01:00:00+00:00
[2025-08-04T15:31:50.544+0000] {logging_mixin.py:188} INFO - [2025-08-04T15:31:50.544+0000] {dag.py:3954} INFO - Setting next_dagrun for consume_1_and_2_with_dataset_expressions to None, run_after=None
[2025-08-04T15:31:50.545+0000] {logging_mixin.py:188} INFO - [2025-08-04T15:31:50.545+0000] {dag.py:3954} INFO - Setting next_dagrun for consume_1_or_2_with_dataset_expressions to None, run_after=None
[2025-08-04T15:31:50.545+0000] {logging_mixin.py:188} INFO - [2025-08-04T15:31:50.545+0000] {dag.py:3954} INFO - Setting next_dagrun for consume_1_or_both_2_and_3_with_dataset_expressions to None, run_after=None
[2025-08-04T15:31:50.546+0000] {logging_mixin.py:188} INFO - [2025-08-04T15:31:50.546+0000] {dag.py:3954} INFO - Setting next_dagrun for dataset_consumes_1 to None, run_after=None
[2025-08-04T15:31:50.546+0000] {logging_mixin.py:188} INFO - [2025-08-04T15:31:50.546+0000] {dag.py:3954} INFO - Setting next_dagrun for dataset_consumes_1_and_2 to None, run_after=None
[2025-08-04T15:31:50.548+0000] {logging_mixin.py:188} INFO - [2025-08-04T15:31:50.547+0000] {dag.py:3954} INFO - Setting next_dagrun for dataset_consumes_1_never_scheduled to None, run_after=None
[2025-08-04T15:31:50.548+0000] {logging_mixin.py:188} INFO - [2025-08-04T15:31:50.548+0000] {dag.py:3954} INFO - Setting next_dagrun for dataset_consumes_unknown_never_scheduled to None, run_after=None
[2025-08-04T15:31:50.549+0000] {logging_mixin.py:188} INFO - [2025-08-04T15:31:50.549+0000] {dag.py:3954} INFO - Setting next_dagrun for dataset_produces_1 to 2025-08-03 00:00:00+00:00, run_after=2025-08-04 00:00:00+00:00
[2025-08-04T15:31:50.550+0000] {logging_mixin.py:188} INFO - [2025-08-04T15:31:50.550+0000] {dag.py:3954} INFO - Setting next_dagrun for dataset_produces_2 to None, run_after=None
[2025-08-04T15:31:50.581+0000] {processor.py:183} INFO - Processing /home/airflow/.local/lib/python3.12/site-packages/airflow/example_dags/example_datasets.py took 0.137 seconds
[2025-08-04T15:53:07.169+0000] {processor.py:161} INFO - Started process (PID=93) to work on /home/airflow/.local/lib/python3.12/site-packages/airflow/example_dags/example_datasets.py
[2025-08-04T15:53:07.171+0000] {processor.py:830} INFO - Processing file /home/airflow/.local/lib/python3.12/site-packages/airflow/example_dags/example_datasets.py for tasks to queue
[2025-08-04T15:53:07.175+0000] {logging_mixin.py:188} INFO - [2025-08-04T15:53:07.175+0000] {dagbag.py:545} INFO - Filling up the DagBag from /home/airflow/.local/lib/python3.12/site-packages/airflow/example_dags/example_datasets.py
[2025-08-04T15:53:07.237+0000] {processor.py:840} INFO - DAG(s) 'consume_1_or_both_2_and_3_with_dataset_expressions', 'conditional_dataset_and_time_based_timetable', 'dataset_produces_2', 'dataset_consumes_1_and_2', 'dataset_consumes_1', 'dataset_produces_1', 'dataset_consumes_unknown_never_scheduled', 'dataset_consumes_1_never_scheduled', 'consume_1_and_2_with_dataset_expressions', 'consume_1_or_2_with_dataset_expressions' retrieved from /home/airflow/.local/lib/python3.12/site-packages/airflow/example_dags/example_datasets.py
[2025-08-04T15:53:07.947+0000] {logging_mixin.py:188} INFO - [2025-08-04T15:53:07.945+0000] {dag.py:3096} INFO - Sync 10 DAGs
[2025-08-04T15:53:08.092+0000] {logging_mixin.py:188} INFO - [2025-08-04T15:53:08.092+0000] {dag.py:3954} INFO - Setting next_dagrun for conditional_dataset_and_time_based_timetable to 2025-07-30 01:00:00+00:00, run_after=2025-07-30 01:00:00+00:00
[2025-08-04T15:53:08.119+0000] {logging_mixin.py:188} INFO - [2025-08-04T15:53:08.111+0000] {dag.py:3954} INFO - Setting next_dagrun for consume_1_and_2_with_dataset_expressions to None, run_after=None
[2025-08-04T15:53:08.134+0000] {logging_mixin.py:188} INFO - [2025-08-04T15:53:08.134+0000] {dag.py:3954} INFO - Setting next_dagrun for consume_1_or_2_with_dataset_expressions to None, run_after=None
[2025-08-04T15:53:08.142+0000] {logging_mixin.py:188} INFO - [2025-08-04T15:53:08.142+0000] {dag.py:3954} INFO - Setting next_dagrun for consume_1_or_both_2_and_3_with_dataset_expressions to None, run_after=None
[2025-08-04T15:53:08.149+0000] {logging_mixin.py:188} INFO - [2025-08-04T15:53:08.148+0000] {dag.py:3954} INFO - Setting next_dagrun for dataset_consumes_1 to None, run_after=None
[2025-08-04T15:53:08.158+0000] {logging_mixin.py:188} INFO - [2025-08-04T15:53:08.157+0000] {dag.py:3954} INFO - Setting next_dagrun for dataset_consumes_1_and_2 to None, run_after=None
[2025-08-04T15:53:08.161+0000] {logging_mixin.py:188} INFO - [2025-08-04T15:53:08.161+0000] {dag.py:3954} INFO - Setting next_dagrun for dataset_consumes_1_never_scheduled to None, run_after=None
[2025-08-04T15:53:08.171+0000] {logging_mixin.py:188} INFO - [2025-08-04T15:53:08.170+0000] {dag.py:3954} INFO - Setting next_dagrun for dataset_consumes_unknown_never_scheduled to None, run_after=None
[2025-08-04T15:53:08.178+0000] {logging_mixin.py:188} INFO - [2025-08-04T15:53:08.178+0000] {dag.py:3954} INFO - Setting next_dagrun for dataset_produces_1 to 2025-08-03 00:00:00+00:00, run_after=2025-08-04 00:00:00+00:00
[2025-08-04T15:53:08.186+0000] {logging_mixin.py:188} INFO - [2025-08-04T15:53:08.186+0000] {dag.py:3954} INFO - Setting next_dagrun for dataset_produces_2 to None, run_after=None
[2025-08-04T15:53:08.352+0000] {processor.py:183} INFO - Processing /home/airflow/.local/lib/python3.12/site-packages/airflow/example_dags/example_datasets.py took 1.191 seconds
[2025-08-04T15:53:38.929+0000] {processor.py:161} INFO - Started process (PID=151) to work on /home/airflow/.local/lib/python3.12/site-packages/airflow/example_dags/example_datasets.py
[2025-08-04T15:53:38.932+0000] {processor.py:830} INFO - Processing file /home/airflow/.local/lib/python3.12/site-packages/airflow/example_dags/example_datasets.py for tasks to queue
[2025-08-04T15:53:38.935+0000] {logging_mixin.py:188} INFO - [2025-08-04T15:53:38.934+0000] {dagbag.py:545} INFO - Filling up the DagBag from /home/airflow/.local/lib/python3.12/site-packages/airflow/example_dags/example_datasets.py
[2025-08-04T15:53:38.954+0000] {processor.py:840} INFO - DAG(s) 'dataset_consumes_1', 'dataset_produces_2', 'conditional_dataset_and_time_based_timetable', 'consume_1_and_2_with_dataset_expressions', 'dataset_consumes_1_never_scheduled', 'dataset_consumes_unknown_never_scheduled', 'consume_1_or_2_with_dataset_expressions', 'dataset_consumes_1_and_2', 'consume_1_or_both_2_and_3_with_dataset_expressions', 'dataset_produces_1' retrieved from /home/airflow/.local/lib/python3.12/site-packages/airflow/example_dags/example_datasets.py
[2025-08-04T15:53:38.983+0000] {logging_mixin.py:188} INFO - [2025-08-04T15:53:38.983+0000] {dag.py:3096} INFO - Sync 10 DAGs
[2025-08-04T15:53:38.994+0000] {logging_mixin.py:188} INFO - [2025-08-04T15:53:38.994+0000] {dag.py:3954} INFO - Setting next_dagrun for conditional_dataset_and_time_based_timetable to 2025-07-30 01:00:00+00:00, run_after=2025-07-30 01:00:00+00:00
[2025-08-04T15:53:38.997+0000] {logging_mixin.py:188} INFO - [2025-08-04T15:53:38.997+0000] {dag.py:3954} INFO - Setting next_dagrun for consume_1_and_2_with_dataset_expressions to None, run_after=None
[2025-08-04T15:53:38.998+0000] {logging_mixin.py:188} INFO - [2025-08-04T15:53:38.998+0000] {dag.py:3954} INFO - Setting next_dagrun for consume_1_or_2_with_dataset_expressions to None, run_after=None
[2025-08-04T15:53:38.999+0000] {logging_mixin.py:188} INFO - [2025-08-04T15:53:38.999+0000] {dag.py:3954} INFO - Setting next_dagrun for consume_1_or_both_2_and_3_with_dataset_expressions to None, run_after=None
[2025-08-04T15:53:39.000+0000] {logging_mixin.py:188} INFO - [2025-08-04T15:53:39.000+0000] {dag.py:3954} INFO - Setting next_dagrun for dataset_consumes_1 to None, run_after=None
[2025-08-04T15:53:39.000+0000] {logging_mixin.py:188} INFO - [2025-08-04T15:53:39.000+0000] {dag.py:3954} INFO - Setting next_dagrun for dataset_consumes_1_and_2 to None, run_after=None
[2025-08-04T15:53:39.001+0000] {logging_mixin.py:188} INFO - [2025-08-04T15:53:39.000+0000] {dag.py:3954} INFO - Setting next_dagrun for dataset_consumes_1_never_scheduled to None, run_after=None
[2025-08-04T15:53:39.001+0000] {logging_mixin.py:188} INFO - [2025-08-04T15:53:39.001+0000] {dag.py:3954} INFO - Setting next_dagrun for dataset_consumes_unknown_never_scheduled to None, run_after=None
[2025-08-04T15:53:39.002+0000] {logging_mixin.py:188} INFO - [2025-08-04T15:53:39.002+0000] {dag.py:3954} INFO - Setting next_dagrun for dataset_produces_1 to 2025-08-03 00:00:00+00:00, run_after=2025-08-04 00:00:00+00:00
[2025-08-04T15:53:39.003+0000] {logging_mixin.py:188} INFO - [2025-08-04T15:53:39.003+0000] {dag.py:3954} INFO - Setting next_dagrun for dataset_produces_2 to None, run_after=None
[2025-08-04T15:53:39.025+0000] {processor.py:183} INFO - Processing /home/airflow/.local/lib/python3.12/site-packages/airflow/example_dags/example_datasets.py took 0.101 seconds
[2025-08-04T15:54:09.326+0000] {processor.py:161} INFO - Started process (PID=209) to work on /home/airflow/.local/lib/python3.12/site-packages/airflow/example_dags/example_datasets.py
[2025-08-04T15:54:09.328+0000] {processor.py:830} INFO - Processing file /home/airflow/.local/lib/python3.12/site-packages/airflow/example_dags/example_datasets.py for tasks to queue
[2025-08-04T15:54:09.333+0000] {logging_mixin.py:188} INFO - [2025-08-04T15:54:09.332+0000] {dagbag.py:545} INFO - Filling up the DagBag from /home/airflow/.local/lib/python3.12/site-packages/airflow/example_dags/example_datasets.py
[2025-08-04T15:54:09.354+0000] {processor.py:840} INFO - DAG(s) 'dataset_consumes_1_never_scheduled', 'consume_1_or_2_with_dataset_expressions', 'conditional_dataset_and_time_based_timetable', 'dataset_consumes_1_and_2', 'dataset_consumes_unknown_never_scheduled', 'dataset_produces_2', 'consume_1_and_2_with_dataset_expressions', 'dataset_produces_1', 'consume_1_or_both_2_and_3_with_dataset_expressions', 'dataset_consumes_1' retrieved from /home/airflow/.local/lib/python3.12/site-packages/airflow/example_dags/example_datasets.py
[2025-08-04T15:54:09.390+0000] {logging_mixin.py:188} INFO - [2025-08-04T15:54:09.390+0000] {dag.py:3096} INFO - Sync 10 DAGs
[2025-08-04T15:54:09.403+0000] {logging_mixin.py:188} INFO - [2025-08-04T15:54:09.403+0000] {dag.py:3954} INFO - Setting next_dagrun for conditional_dataset_and_time_based_timetable to 2025-07-30 01:00:00+00:00, run_after=2025-07-30 01:00:00+00:00
[2025-08-04T15:54:09.407+0000] {logging_mixin.py:188} INFO - [2025-08-04T15:54:09.407+0000] {dag.py:3954} INFO - Setting next_dagrun for consume_1_and_2_with_dataset_expressions to None, run_after=None
[2025-08-04T15:54:09.409+0000] {logging_mixin.py:188} INFO - [2025-08-04T15:54:09.409+0000] {dag.py:3954} INFO - Setting next_dagrun for consume_1_or_2_with_dataset_expressions to None, run_after=None
[2025-08-04T15:54:09.411+0000] {logging_mixin.py:188} INFO - [2025-08-04T15:54:09.411+0000] {dag.py:3954} INFO - Setting next_dagrun for consume_1_or_both_2_and_3_with_dataset_expressions to None, run_after=None
[2025-08-04T15:54:09.412+0000] {logging_mixin.py:188} INFO - [2025-08-04T15:54:09.411+0000] {dag.py:3954} INFO - Setting next_dagrun for dataset_consumes_1 to None, run_after=None
[2025-08-04T15:54:09.412+0000] {logging_mixin.py:188} INFO - [2025-08-04T15:54:09.412+0000] {dag.py:3954} INFO - Setting next_dagrun for dataset_consumes_1_and_2 to None, run_after=None
[2025-08-04T15:54:09.412+0000] {logging_mixin.py:188} INFO - [2025-08-04T15:54:09.412+0000] {dag.py:3954} INFO - Setting next_dagrun for dataset_consumes_1_never_scheduled to None, run_after=None
[2025-08-04T15:54:09.413+0000] {logging_mixin.py:188} INFO - [2025-08-04T15:54:09.413+0000] {dag.py:3954} INFO - Setting next_dagrun for dataset_consumes_unknown_never_scheduled to None, run_after=None
[2025-08-04T15:54:09.414+0000] {logging_mixin.py:188} INFO - [2025-08-04T15:54:09.414+0000] {dag.py:3954} INFO - Setting next_dagrun for dataset_produces_1 to 2025-08-03 00:00:00+00:00, run_after=2025-08-04 00:00:00+00:00
[2025-08-04T15:54:09.414+0000] {logging_mixin.py:188} INFO - [2025-08-04T15:54:09.414+0000] {dag.py:3954} INFO - Setting next_dagrun for dataset_produces_2 to None, run_after=None
[2025-08-04T15:54:09.436+0000] {processor.py:183} INFO - Processing /home/airflow/.local/lib/python3.12/site-packages/airflow/example_dags/example_datasets.py took 0.126 seconds
[2025-08-04T15:54:39.714+0000] {processor.py:161} INFO - Started process (PID=267) to work on /home/airflow/.local/lib/python3.12/site-packages/airflow/example_dags/example_datasets.py
[2025-08-04T15:54:39.719+0000] {processor.py:830} INFO - Processing file /home/airflow/.local/lib/python3.12/site-packages/airflow/example_dags/example_datasets.py for tasks to queue
[2025-08-04T15:54:39.720+0000] {logging_mixin.py:188} INFO - [2025-08-04T15:54:39.720+0000] {dagbag.py:545} INFO - Filling up the DagBag from /home/airflow/.local/lib/python3.12/site-packages/airflow/example_dags/example_datasets.py
[2025-08-04T15:54:39.730+0000] {processor.py:840} INFO - DAG(s) 'consume_1_and_2_with_dataset_expressions', 'consume_1_or_2_with_dataset_expressions', 'dataset_produces_2', 'dataset_consumes_1_never_scheduled', 'dataset_produces_1', 'conditional_dataset_and_time_based_timetable', 'dataset_consumes_unknown_never_scheduled', 'dataset_consumes_1_and_2', 'consume_1_or_both_2_and_3_with_dataset_expressions', 'dataset_consumes_1' retrieved from /home/airflow/.local/lib/python3.12/site-packages/airflow/example_dags/example_datasets.py
[2025-08-04T15:54:39.773+0000] {logging_mixin.py:188} INFO - [2025-08-04T15:54:39.772+0000] {dag.py:3096} INFO - Sync 10 DAGs
[2025-08-04T15:54:39.796+0000] {logging_mixin.py:188} INFO - [2025-08-04T15:54:39.796+0000] {dag.py:3954} INFO - Setting next_dagrun for conditional_dataset_and_time_based_timetable to 2025-07-30 01:00:00+00:00, run_after=2025-07-30 01:00:00+00:00
[2025-08-04T15:54:39.798+0000] {logging_mixin.py:188} INFO - [2025-08-04T15:54:39.798+0000] {dag.py:3954} INFO - Setting next_dagrun for consume_1_and_2_with_dataset_expressions to None, run_after=None
[2025-08-04T15:54:39.799+0000] {logging_mixin.py:188} INFO - [2025-08-04T15:54:39.799+0000] {dag.py:3954} INFO - Setting next_dagrun for consume_1_or_2_with_dataset_expressions to None, run_after=None
[2025-08-04T15:54:39.800+0000] {logging_mixin.py:188} INFO - [2025-08-04T15:54:39.799+0000] {dag.py:3954} INFO - Setting next_dagrun for consume_1_or_both_2_and_3_with_dataset_expressions to None, run_after=None
[2025-08-04T15:54:39.800+0000] {logging_mixin.py:188} INFO - [2025-08-04T15:54:39.800+0000] {dag.py:3954} INFO - Setting next_dagrun for dataset_consumes_1 to None, run_after=None
[2025-08-04T15:54:39.800+0000] {logging_mixin.py:188} INFO - [2025-08-04T15:54:39.800+0000] {dag.py:3954} INFO - Setting next_dagrun for dataset_consumes_1_and_2 to None, run_after=None
[2025-08-04T15:54:39.801+0000] {logging_mixin.py:188} INFO - [2025-08-04T15:54:39.801+0000] {dag.py:3954} INFO - Setting next_dagrun for dataset_consumes_1_never_scheduled to None, run_after=None
[2025-08-04T15:54:39.801+0000] {logging_mixin.py:188} INFO - [2025-08-04T15:54:39.801+0000] {dag.py:3954} INFO - Setting next_dagrun for dataset_consumes_unknown_never_scheduled to None, run_after=None
[2025-08-04T15:54:39.802+0000] {logging_mixin.py:188} INFO - [2025-08-04T15:54:39.802+0000] {dag.py:3954} INFO - Setting next_dagrun for dataset_produces_1 to 2025-08-03 00:00:00+00:00, run_after=2025-08-04 00:00:00+00:00
[2025-08-04T15:54:39.803+0000] {logging_mixin.py:188} INFO - [2025-08-04T15:54:39.803+0000] {dag.py:3954} INFO - Setting next_dagrun for dataset_produces_2 to None, run_after=None
[2025-08-04T15:54:39.828+0000] {processor.py:183} INFO - Processing /home/airflow/.local/lib/python3.12/site-packages/airflow/example_dags/example_datasets.py took 0.119 seconds
[2025-08-04T15:55:15.143+0000] {processor.py:161} INFO - Started process (PID=325) to work on /home/airflow/.local/lib/python3.12/site-packages/airflow/example_dags/example_datasets.py
[2025-08-04T15:55:15.149+0000] {processor.py:830} INFO - Processing file /home/airflow/.local/lib/python3.12/site-packages/airflow/example_dags/example_datasets.py for tasks to queue
[2025-08-04T15:55:15.162+0000] {logging_mixin.py:188} INFO - [2025-08-04T15:55:15.158+0000] {dagbag.py:545} INFO - Filling up the DagBag from /home/airflow/.local/lib/python3.12/site-packages/airflow/example_dags/example_datasets.py
[2025-08-04T15:55:15.361+0000] {processor.py:840} INFO - DAG(s) 'consume_1_or_both_2_and_3_with_dataset_expressions', 'dataset_produces_2', 'consume_1_and_2_with_dataset_expressions', 'dataset_produces_1', 'consume_1_or_2_with_dataset_expressions', 'dataset_consumes_1_and_2', 'dataset_consumes_1', 'conditional_dataset_and_time_based_timetable', 'dataset_consumes_unknown_never_scheduled', 'dataset_consumes_1_never_scheduled' retrieved from /home/airflow/.local/lib/python3.12/site-packages/airflow/example_dags/example_datasets.py
[2025-08-04T15:55:15.672+0000] {logging_mixin.py:188} INFO - [2025-08-04T15:55:15.672+0000] {dag.py:3096} INFO - Sync 10 DAGs
[2025-08-04T15:55:15.731+0000] {logging_mixin.py:188} INFO - [2025-08-04T15:55:15.730+0000] {dag.py:3954} INFO - Setting next_dagrun for conditional_dataset_and_time_based_timetable to 2025-07-30 01:00:00+00:00, run_after=2025-07-30 01:00:00+00:00
[2025-08-04T15:55:15.749+0000] {logging_mixin.py:188} INFO - [2025-08-04T15:55:15.749+0000] {dag.py:3954} INFO - Setting next_dagrun for consume_1_and_2_with_dataset_expressions to None, run_after=None
[2025-08-04T15:55:15.758+0000] {logging_mixin.py:188} INFO - [2025-08-04T15:55:15.758+0000] {dag.py:3954} INFO - Setting next_dagrun for consume_1_or_2_with_dataset_expressions to None, run_after=None
[2025-08-04T15:55:15.768+0000] {logging_mixin.py:188} INFO - [2025-08-04T15:55:15.768+0000] {dag.py:3954} INFO - Setting next_dagrun for consume_1_or_both_2_and_3_with_dataset_expressions to None, run_after=None
[2025-08-04T15:55:15.781+0000] {logging_mixin.py:188} INFO - [2025-08-04T15:55:15.777+0000] {dag.py:3954} INFO - Setting next_dagrun for dataset_consumes_1 to None, run_after=None
[2025-08-04T15:55:15.795+0000] {logging_mixin.py:188} INFO - [2025-08-04T15:55:15.793+0000] {dag.py:3954} INFO - Setting next_dagrun for dataset_consumes_1_and_2 to None, run_after=None
[2025-08-04T15:55:15.824+0000] {logging_mixin.py:188} INFO - [2025-08-04T15:55:15.824+0000] {dag.py:3954} INFO - Setting next_dagrun for dataset_consumes_1_never_scheduled to None, run_after=None
[2025-08-04T15:55:15.838+0000] {logging_mixin.py:188} INFO - [2025-08-04T15:55:15.837+0000] {dag.py:3954} INFO - Setting next_dagrun for dataset_consumes_unknown_never_scheduled to None, run_after=None
[2025-08-04T15:55:15.887+0000] {logging_mixin.py:188} INFO - [2025-08-04T15:55:15.876+0000] {dag.py:3954} INFO - Setting next_dagrun for dataset_produces_1 to 2025-08-03 00:00:00+00:00, run_after=2025-08-04 00:00:00+00:00
[2025-08-04T15:55:15.900+0000] {logging_mixin.py:188} INFO - [2025-08-04T15:55:15.898+0000] {dag.py:3954} INFO - Setting next_dagrun for dataset_produces_2 to None, run_after=None
[2025-08-04T15:55:16.413+0000] {processor.py:183} INFO - Processing /home/airflow/.local/lib/python3.12/site-packages/airflow/example_dags/example_datasets.py took 1.279 seconds
[2025-08-04T15:55:47.276+0000] {processor.py:161} INFO - Started process (PID=383) to work on /home/airflow/.local/lib/python3.12/site-packages/airflow/example_dags/example_datasets.py
[2025-08-04T15:55:47.278+0000] {processor.py:830} INFO - Processing file /home/airflow/.local/lib/python3.12/site-packages/airflow/example_dags/example_datasets.py for tasks to queue
[2025-08-04T15:55:47.280+0000] {logging_mixin.py:188} INFO - [2025-08-04T15:55:47.279+0000] {dagbag.py:545} INFO - Filling up the DagBag from /home/airflow/.local/lib/python3.12/site-packages/airflow/example_dags/example_datasets.py
[2025-08-04T15:55:47.298+0000] {processor.py:840} INFO - DAG(s) 'consume_1_and_2_with_dataset_expressions', 'dataset_produces_1', 'dataset_consumes_1_never_scheduled', 'conditional_dataset_and_time_based_timetable', 'dataset_consumes_1', 'dataset_consumes_1_and_2', 'consume_1_or_both_2_and_3_with_dataset_expressions', 'consume_1_or_2_with_dataset_expressions', 'dataset_produces_2', 'dataset_consumes_unknown_never_scheduled' retrieved from /home/airflow/.local/lib/python3.12/site-packages/airflow/example_dags/example_datasets.py
[2025-08-04T15:55:47.333+0000] {logging_mixin.py:188} INFO - [2025-08-04T15:55:47.333+0000] {dag.py:3096} INFO - Sync 10 DAGs
[2025-08-04T15:55:47.359+0000] {logging_mixin.py:188} INFO - [2025-08-04T15:55:47.359+0000] {dag.py:3954} INFO - Setting next_dagrun for conditional_dataset_and_time_based_timetable to 2025-07-30 01:00:00+00:00, run_after=2025-07-30 01:00:00+00:00
[2025-08-04T15:55:47.361+0000] {logging_mixin.py:188} INFO - [2025-08-04T15:55:47.361+0000] {dag.py:3954} INFO - Setting next_dagrun for consume_1_and_2_with_dataset_expressions to None, run_after=None
[2025-08-04T15:55:47.362+0000] {logging_mixin.py:188} INFO - [2025-08-04T15:55:47.362+0000] {dag.py:3954} INFO - Setting next_dagrun for consume_1_or_2_with_dataset_expressions to None, run_after=None
[2025-08-04T15:55:47.362+0000] {logging_mixin.py:188} INFO - [2025-08-04T15:55:47.362+0000] {dag.py:3954} INFO - Setting next_dagrun for consume_1_or_both_2_and_3_with_dataset_expressions to None, run_after=None
[2025-08-04T15:55:47.363+0000] {logging_mixin.py:188} INFO - [2025-08-04T15:55:47.363+0000] {dag.py:3954} INFO - Setting next_dagrun for dataset_consumes_1 to None, run_after=None
[2025-08-04T15:55:47.363+0000] {logging_mixin.py:188} INFO - [2025-08-04T15:55:47.363+0000] {dag.py:3954} INFO - Setting next_dagrun for dataset_consumes_1_and_2 to None, run_after=None
[2025-08-04T15:55:47.363+0000] {logging_mixin.py:188} INFO - [2025-08-04T15:55:47.363+0000] {dag.py:3954} INFO - Setting next_dagrun for dataset_consumes_1_never_scheduled to None, run_after=None
[2025-08-04T15:55:47.364+0000] {logging_mixin.py:188} INFO - [2025-08-04T15:55:47.364+0000] {dag.py:3954} INFO - Setting next_dagrun for dataset_consumes_unknown_never_scheduled to None, run_after=None
[2025-08-04T15:55:47.365+0000] {logging_mixin.py:188} INFO - [2025-08-04T15:55:47.364+0000] {dag.py:3954} INFO - Setting next_dagrun for dataset_produces_1 to 2025-08-03 00:00:00+00:00, run_after=2025-08-04 00:00:00+00:00
[2025-08-04T15:55:47.365+0000] {logging_mixin.py:188} INFO - [2025-08-04T15:55:47.365+0000] {dag.py:3954} INFO - Setting next_dagrun for dataset_produces_2 to None, run_after=None
[2025-08-04T15:55:47.378+0000] {processor.py:183} INFO - Processing /home/airflow/.local/lib/python3.12/site-packages/airflow/example_dags/example_datasets.py took 0.106 seconds
[2025-08-04T15:56:17.688+0000] {processor.py:161} INFO - Started process (PID=441) to work on /home/airflow/.local/lib/python3.12/site-packages/airflow/example_dags/example_datasets.py
[2025-08-04T15:56:17.690+0000] {processor.py:830} INFO - Processing file /home/airflow/.local/lib/python3.12/site-packages/airflow/example_dags/example_datasets.py for tasks to queue
[2025-08-04T15:56:17.691+0000] {logging_mixin.py:188} INFO - [2025-08-04T15:56:17.691+0000] {dagbag.py:545} INFO - Filling up the DagBag from /home/airflow/.local/lib/python3.12/site-packages/airflow/example_dags/example_datasets.py
[2025-08-04T15:56:17.715+0000] {processor.py:840} INFO - DAG(s) 'dataset_consumes_1', 'dataset_produces_2', 'dataset_consumes_1_and_2', 'consume_1_and_2_with_dataset_expressions', 'dataset_produces_1', 'conditional_dataset_and_time_based_timetable', 'consume_1_or_2_with_dataset_expressions', 'dataset_consumes_1_never_scheduled', 'dataset_consumes_unknown_never_scheduled', 'consume_1_or_both_2_and_3_with_dataset_expressions' retrieved from /home/airflow/.local/lib/python3.12/site-packages/airflow/example_dags/example_datasets.py
[2025-08-04T15:56:17.750+0000] {logging_mixin.py:188} INFO - [2025-08-04T15:56:17.750+0000] {dag.py:3096} INFO - Sync 10 DAGs
[2025-08-04T15:56:17.762+0000] {logging_mixin.py:188} INFO - [2025-08-04T15:56:17.761+0000] {dag.py:3954} INFO - Setting next_dagrun for conditional_dataset_and_time_based_timetable to 2025-07-30 01:00:00+00:00, run_after=2025-07-30 01:00:00+00:00
[2025-08-04T15:56:17.763+0000] {logging_mixin.py:188} INFO - [2025-08-04T15:56:17.763+0000] {dag.py:3954} INFO - Setting next_dagrun for consume_1_and_2_with_dataset_expressions to None, run_after=None
[2025-08-04T15:56:17.764+0000] {logging_mixin.py:188} INFO - [2025-08-04T15:56:17.764+0000] {dag.py:3954} INFO - Setting next_dagrun for consume_1_or_2_with_dataset_expressions to None, run_after=None
[2025-08-04T15:56:17.764+0000] {logging_mixin.py:188} INFO - [2025-08-04T15:56:17.764+0000] {dag.py:3954} INFO - Setting next_dagrun for consume_1_or_both_2_and_3_with_dataset_expressions to None, run_after=None
[2025-08-04T15:56:17.765+0000] {logging_mixin.py:188} INFO - [2025-08-04T15:56:17.764+0000] {dag.py:3954} INFO - Setting next_dagrun for dataset_consumes_1 to None, run_after=None
[2025-08-04T15:56:17.765+0000] {logging_mixin.py:188} INFO - [2025-08-04T15:56:17.765+0000] {dag.py:3954} INFO - Setting next_dagrun for dataset_consumes_1_and_2 to None, run_after=None
[2025-08-04T15:56:17.765+0000] {logging_mixin.py:188} INFO - [2025-08-04T15:56:17.765+0000] {dag.py:3954} INFO - Setting next_dagrun for dataset_consumes_1_never_scheduled to None, run_after=None
[2025-08-04T15:56:17.766+0000] {logging_mixin.py:188} INFO - [2025-08-04T15:56:17.766+0000] {dag.py:3954} INFO - Setting next_dagrun for dataset_consumes_unknown_never_scheduled to None, run_after=None
[2025-08-04T15:56:17.766+0000] {logging_mixin.py:188} INFO - [2025-08-04T15:56:17.766+0000] {dag.py:3954} INFO - Setting next_dagrun for dataset_produces_1 to 2025-08-03 00:00:00+00:00, run_after=2025-08-04 00:00:00+00:00
[2025-08-04T15:56:17.767+0000] {logging_mixin.py:188} INFO - [2025-08-04T15:56:17.767+0000] {dag.py:3954} INFO - Setting next_dagrun for dataset_produces_2 to None, run_after=None
[2025-08-04T15:56:17.779+0000] {processor.py:183} INFO - Processing /home/airflow/.local/lib/python3.12/site-packages/airflow/example_dags/example_datasets.py took 0.095 seconds
[2025-08-04T15:59:01.545+0000] {processor.py:161} INFO - Started process (PID=93) to work on /home/airflow/.local/lib/python3.12/site-packages/airflow/example_dags/example_datasets.py
[2025-08-04T15:59:01.551+0000] {processor.py:830} INFO - Processing file /home/airflow/.local/lib/python3.12/site-packages/airflow/example_dags/example_datasets.py for tasks to queue
[2025-08-04T15:59:01.555+0000] {logging_mixin.py:188} INFO - [2025-08-04T15:59:01.555+0000] {dagbag.py:545} INFO - Filling up the DagBag from /home/airflow/.local/lib/python3.12/site-packages/airflow/example_dags/example_datasets.py
[2025-08-04T15:59:01.645+0000] {processor.py:840} INFO - DAG(s) 'consume_1_or_both_2_and_3_with_dataset_expressions', 'dataset_consumes_unknown_never_scheduled', 'dataset_consumes_1', 'dataset_consumes_1_never_scheduled', 'dataset_produces_2', 'conditional_dataset_and_time_based_timetable', 'consume_1_and_2_with_dataset_expressions', 'dataset_produces_1', 'dataset_consumes_1_and_2', 'consume_1_or_2_with_dataset_expressions' retrieved from /home/airflow/.local/lib/python3.12/site-packages/airflow/example_dags/example_datasets.py
[2025-08-04T15:59:01.789+0000] {logging_mixin.py:188} INFO - [2025-08-04T15:59:01.788+0000] {dag.py:3096} INFO - Sync 10 DAGs
[2025-08-04T15:59:01.901+0000] {logging_mixin.py:188} INFO - [2025-08-04T15:59:01.901+0000] {dag.py:3954} INFO - Setting next_dagrun for conditional_dataset_and_time_based_timetable to 2025-07-30 01:00:00+00:00, run_after=2025-07-30 01:00:00+00:00
[2025-08-04T15:59:01.920+0000] {logging_mixin.py:188} INFO - [2025-08-04T15:59:01.919+0000] {dag.py:3954} INFO - Setting next_dagrun for consume_1_and_2_with_dataset_expressions to None, run_after=None
[2025-08-04T15:59:01.921+0000] {logging_mixin.py:188} INFO - [2025-08-04T15:59:01.921+0000] {dag.py:3954} INFO - Setting next_dagrun for consume_1_or_2_with_dataset_expressions to None, run_after=None
[2025-08-04T15:59:01.928+0000] {logging_mixin.py:188} INFO - [2025-08-04T15:59:01.928+0000] {dag.py:3954} INFO - Setting next_dagrun for consume_1_or_both_2_and_3_with_dataset_expressions to None, run_after=None
[2025-08-04T15:59:01.935+0000] {logging_mixin.py:188} INFO - [2025-08-04T15:59:01.935+0000] {dag.py:3954} INFO - Setting next_dagrun for dataset_consumes_1 to None, run_after=None
[2025-08-04T15:59:01.968+0000] {logging_mixin.py:188} INFO - [2025-08-04T15:59:01.968+0000] {dag.py:3954} INFO - Setting next_dagrun for dataset_consumes_1_and_2 to None, run_after=None
[2025-08-04T15:59:01.975+0000] {logging_mixin.py:188} INFO - [2025-08-04T15:59:01.975+0000] {dag.py:3954} INFO - Setting next_dagrun for dataset_consumes_1_never_scheduled to None, run_after=None
[2025-08-04T15:59:01.981+0000] {logging_mixin.py:188} INFO - [2025-08-04T15:59:01.980+0000] {dag.py:3954} INFO - Setting next_dagrun for dataset_consumes_unknown_never_scheduled to None, run_after=None
[2025-08-04T15:59:02.005+0000] {logging_mixin.py:188} INFO - [2025-08-04T15:59:02.005+0000] {dag.py:3954} INFO - Setting next_dagrun for dataset_produces_1 to 2025-08-03 00:00:00+00:00, run_after=2025-08-04 00:00:00+00:00
[2025-08-04T15:59:02.024+0000] {logging_mixin.py:188} INFO - [2025-08-04T15:59:02.021+0000] {dag.py:3954} INFO - Setting next_dagrun for dataset_produces_2 to None, run_after=None
[2025-08-04T15:59:02.318+0000] {processor.py:183} INFO - Processing /home/airflow/.local/lib/python3.12/site-packages/airflow/example_dags/example_datasets.py took 0.789 seconds
[2025-08-04T15:59:33.270+0000] {processor.py:161} INFO - Started process (PID=151) to work on /home/airflow/.local/lib/python3.12/site-packages/airflow/example_dags/example_datasets.py
[2025-08-04T15:59:33.271+0000] {processor.py:830} INFO - Processing file /home/airflow/.local/lib/python3.12/site-packages/airflow/example_dags/example_datasets.py for tasks to queue
[2025-08-04T15:59:33.272+0000] {logging_mixin.py:188} INFO - [2025-08-04T15:59:33.272+0000] {dagbag.py:545} INFO - Filling up the DagBag from /home/airflow/.local/lib/python3.12/site-packages/airflow/example_dags/example_datasets.py
[2025-08-04T15:59:33.288+0000] {processor.py:840} INFO - DAG(s) 'dataset_consumes_1_never_scheduled', 'dataset_consumes_unknown_never_scheduled', 'dataset_produces_2', 'conditional_dataset_and_time_based_timetable', 'consume_1_or_both_2_and_3_with_dataset_expressions', 'consume_1_or_2_with_dataset_expressions', 'dataset_produces_1', 'dataset_consumes_1', 'dataset_consumes_1_and_2', 'consume_1_and_2_with_dataset_expressions' retrieved from /home/airflow/.local/lib/python3.12/site-packages/airflow/example_dags/example_datasets.py
[2025-08-04T15:59:33.336+0000] {logging_mixin.py:188} INFO - [2025-08-04T15:59:33.336+0000] {dag.py:3096} INFO - Sync 10 DAGs
[2025-08-04T15:59:33.356+0000] {logging_mixin.py:188} INFO - [2025-08-04T15:59:33.356+0000] {dag.py:3954} INFO - Setting next_dagrun for conditional_dataset_and_time_based_timetable to 2025-07-30 01:00:00+00:00, run_after=2025-07-30 01:00:00+00:00
[2025-08-04T15:59:33.360+0000] {logging_mixin.py:188} INFO - [2025-08-04T15:59:33.360+0000] {dag.py:3954} INFO - Setting next_dagrun for consume_1_and_2_with_dataset_expressions to None, run_after=None
[2025-08-04T15:59:33.361+0000] {logging_mixin.py:188} INFO - [2025-08-04T15:59:33.361+0000] {dag.py:3954} INFO - Setting next_dagrun for consume_1_or_2_with_dataset_expressions to None, run_after=None
[2025-08-04T15:59:33.361+0000] {logging_mixin.py:188} INFO - [2025-08-04T15:59:33.361+0000] {dag.py:3954} INFO - Setting next_dagrun for consume_1_or_both_2_and_3_with_dataset_expressions to None, run_after=None
[2025-08-04T15:59:33.362+0000] {logging_mixin.py:188} INFO - [2025-08-04T15:59:33.362+0000] {dag.py:3954} INFO - Setting next_dagrun for dataset_consumes_1 to None, run_after=None
[2025-08-04T15:59:33.363+0000] {logging_mixin.py:188} INFO - [2025-08-04T15:59:33.363+0000] {dag.py:3954} INFO - Setting next_dagrun for dataset_consumes_1_and_2 to None, run_after=None
[2025-08-04T15:59:33.364+0000] {logging_mixin.py:188} INFO - [2025-08-04T15:59:33.364+0000] {dag.py:3954} INFO - Setting next_dagrun for dataset_consumes_1_never_scheduled to None, run_after=None
[2025-08-04T15:59:33.364+0000] {logging_mixin.py:188} INFO - [2025-08-04T15:59:33.364+0000] {dag.py:3954} INFO - Setting next_dagrun for dataset_consumes_unknown_never_scheduled to None, run_after=None
[2025-08-04T15:59:33.365+0000] {logging_mixin.py:188} INFO - [2025-08-04T15:59:33.365+0000] {dag.py:3954} INFO - Setting next_dagrun for dataset_produces_1 to 2025-08-03 00:00:00+00:00, run_after=2025-08-04 00:00:00+00:00
[2025-08-04T15:59:33.366+0000] {logging_mixin.py:188} INFO - [2025-08-04T15:59:33.366+0000] {dag.py:3954} INFO - Setting next_dagrun for dataset_produces_2 to None, run_after=None
[2025-08-04T15:59:33.394+0000] {processor.py:183} INFO - Processing /home/airflow/.local/lib/python3.12/site-packages/airflow/example_dags/example_datasets.py took 0.127 seconds
[2025-08-04T16:00:03.961+0000] {processor.py:161} INFO - Started process (PID=209) to work on /home/airflow/.local/lib/python3.12/site-packages/airflow/example_dags/example_datasets.py
[2025-08-04T16:00:03.962+0000] {processor.py:830} INFO - Processing file /home/airflow/.local/lib/python3.12/site-packages/airflow/example_dags/example_datasets.py for tasks to queue
[2025-08-04T16:00:03.964+0000] {logging_mixin.py:188} INFO - [2025-08-04T16:00:03.963+0000] {dagbag.py:545} INFO - Filling up the DagBag from /home/airflow/.local/lib/python3.12/site-packages/airflow/example_dags/example_datasets.py
[2025-08-04T16:00:03.985+0000] {processor.py:840} INFO - DAG(s) 'dataset_consumes_1', 'dataset_consumes_1_never_scheduled', 'consume_1_and_2_with_dataset_expressions', 'dataset_produces_2', 'dataset_consumes_1_and_2', 'dataset_consumes_unknown_never_scheduled', 'consume_1_or_both_2_and_3_with_dataset_expressions', 'dataset_produces_1', 'conditional_dataset_and_time_based_timetable', 'consume_1_or_2_with_dataset_expressions' retrieved from /home/airflow/.local/lib/python3.12/site-packages/airflow/example_dags/example_datasets.py
[2025-08-04T16:00:04.055+0000] {logging_mixin.py:188} INFO - [2025-08-04T16:00:04.055+0000] {dag.py:3096} INFO - Sync 10 DAGs
[2025-08-04T16:00:04.076+0000] {logging_mixin.py:188} INFO - [2025-08-04T16:00:04.076+0000] {dag.py:3954} INFO - Setting next_dagrun for conditional_dataset_and_time_based_timetable to 2025-07-30 01:00:00+00:00, run_after=2025-07-30 01:00:00+00:00
[2025-08-04T16:00:04.078+0000] {logging_mixin.py:188} INFO - [2025-08-04T16:00:04.078+0000] {dag.py:3954} INFO - Setting next_dagrun for consume_1_and_2_with_dataset_expressions to None, run_after=None
[2025-08-04T16:00:04.078+0000] {logging_mixin.py:188} INFO - [2025-08-04T16:00:04.078+0000] {dag.py:3954} INFO - Setting next_dagrun for consume_1_or_2_with_dataset_expressions to None, run_after=None
[2025-08-04T16:00:04.080+0000] {logging_mixin.py:188} INFO - [2025-08-04T16:00:04.080+0000] {dag.py:3954} INFO - Setting next_dagrun for consume_1_or_both_2_and_3_with_dataset_expressions to None, run_after=None
[2025-08-04T16:00:04.081+0000] {logging_mixin.py:188} INFO - [2025-08-04T16:00:04.081+0000] {dag.py:3954} INFO - Setting next_dagrun for dataset_consumes_1 to None, run_after=None
[2025-08-04T16:00:04.082+0000] {logging_mixin.py:188} INFO - [2025-08-04T16:00:04.082+0000] {dag.py:3954} INFO - Setting next_dagrun for dataset_consumes_1_and_2 to None, run_after=None
[2025-08-04T16:00:04.082+0000] {logging_mixin.py:188} INFO - [2025-08-04T16:00:04.082+0000] {dag.py:3954} INFO - Setting next_dagrun for dataset_consumes_1_never_scheduled to None, run_after=None
[2025-08-04T16:00:04.083+0000] {logging_mixin.py:188} INFO - [2025-08-04T16:00:04.083+0000] {dag.py:3954} INFO - Setting next_dagrun for dataset_consumes_unknown_never_scheduled to None, run_after=None
[2025-08-04T16:00:04.085+0000] {logging_mixin.py:188} INFO - [2025-08-04T16:00:04.085+0000] {dag.py:3954} INFO - Setting next_dagrun for dataset_produces_1 to 2025-08-03 00:00:00+00:00, run_after=2025-08-04 00:00:00+00:00
[2025-08-04T16:00:04.086+0000] {logging_mixin.py:188} INFO - [2025-08-04T16:00:04.086+0000] {dag.py:3954} INFO - Setting next_dagrun for dataset_produces_2 to None, run_after=None
[2025-08-04T16:00:04.119+0000] {processor.py:183} INFO - Processing /home/airflow/.local/lib/python3.12/site-packages/airflow/example_dags/example_datasets.py took 0.162 seconds
[2025-08-04T16:00:34.273+0000] {processor.py:161} INFO - Started process (PID=267) to work on /home/airflow/.local/lib/python3.12/site-packages/airflow/example_dags/example_datasets.py
[2025-08-04T16:00:34.274+0000] {processor.py:830} INFO - Processing file /home/airflow/.local/lib/python3.12/site-packages/airflow/example_dags/example_datasets.py for tasks to queue
[2025-08-04T16:00:34.286+0000] {logging_mixin.py:188} INFO - [2025-08-04T16:00:34.283+0000] {dagbag.py:545} INFO - Filling up the DagBag from /home/airflow/.local/lib/python3.12/site-packages/airflow/example_dags/example_datasets.py
[2025-08-04T16:00:34.316+0000] {processor.py:840} INFO - DAG(s) 'dataset_consumes_1_never_scheduled', 'consume_1_and_2_with_dataset_expressions', 'dataset_consumes_unknown_never_scheduled', 'consume_1_or_both_2_and_3_with_dataset_expressions', 'dataset_consumes_1', 'dataset_consumes_1_and_2', 'consume_1_or_2_with_dataset_expressions', 'conditional_dataset_and_time_based_timetable', 'dataset_produces_1', 'dataset_produces_2' retrieved from /home/airflow/.local/lib/python3.12/site-packages/airflow/example_dags/example_datasets.py
[2025-08-04T16:00:34.563+0000] {logging_mixin.py:188} INFO - [2025-08-04T16:00:34.563+0000] {dag.py:3096} INFO - Sync 10 DAGs
[2025-08-04T16:00:34.621+0000] {logging_mixin.py:188} INFO - [2025-08-04T16:00:34.620+0000] {dag.py:3954} INFO - Setting next_dagrun for conditional_dataset_and_time_based_timetable to 2025-07-30 01:00:00+00:00, run_after=2025-07-30 01:00:00+00:00
[2025-08-04T16:00:34.629+0000] {logging_mixin.py:188} INFO - [2025-08-04T16:00:34.629+0000] {dag.py:3954} INFO - Setting next_dagrun for consume_1_and_2_with_dataset_expressions to None, run_after=None
[2025-08-04T16:00:34.637+0000] {logging_mixin.py:188} INFO - [2025-08-04T16:00:34.632+0000] {dag.py:3954} INFO - Setting next_dagrun for consume_1_or_2_with_dataset_expressions to None, run_after=None
[2025-08-04T16:00:34.641+0000] {logging_mixin.py:188} INFO - [2025-08-04T16:00:34.640+0000] {dag.py:3954} INFO - Setting next_dagrun for consume_1_or_both_2_and_3_with_dataset_expressions to None, run_after=None
[2025-08-04T16:00:34.645+0000] {logging_mixin.py:188} INFO - [2025-08-04T16:00:34.645+0000] {dag.py:3954} INFO - Setting next_dagrun for dataset_consumes_1 to None, run_after=None
[2025-08-04T16:00:34.646+0000] {logging_mixin.py:188} INFO - [2025-08-04T16:00:34.646+0000] {dag.py:3954} INFO - Setting next_dagrun for dataset_consumes_1_and_2 to None, run_after=None
[2025-08-04T16:00:34.651+0000] {logging_mixin.py:188} INFO - [2025-08-04T16:00:34.651+0000] {dag.py:3954} INFO - Setting next_dagrun for dataset_consumes_1_never_scheduled to None, run_after=None
[2025-08-04T16:00:34.658+0000] {logging_mixin.py:188} INFO - [2025-08-04T16:00:34.658+0000] {dag.py:3954} INFO - Setting next_dagrun for dataset_consumes_unknown_never_scheduled to None, run_after=None
[2025-08-04T16:00:34.662+0000] {logging_mixin.py:188} INFO - [2025-08-04T16:00:34.662+0000] {dag.py:3954} INFO - Setting next_dagrun for dataset_produces_1 to 2025-08-03 00:00:00+00:00, run_after=2025-08-04 00:00:00+00:00
[2025-08-04T16:00:34.667+0000] {logging_mixin.py:188} INFO - [2025-08-04T16:00:34.667+0000] {dag.py:3954} INFO - Setting next_dagrun for dataset_produces_2 to None, run_after=None
[2025-08-04T16:00:34.794+0000] {processor.py:183} INFO - Processing /home/airflow/.local/lib/python3.12/site-packages/airflow/example_dags/example_datasets.py took 0.538 seconds
[2025-08-04T16:01:05.830+0000] {processor.py:161} INFO - Started process (PID=326) to work on /home/airflow/.local/lib/python3.12/site-packages/airflow/example_dags/example_datasets.py
[2025-08-04T16:01:05.833+0000] {processor.py:830} INFO - Processing file /home/airflow/.local/lib/python3.12/site-packages/airflow/example_dags/example_datasets.py for tasks to queue
[2025-08-04T16:01:05.836+0000] {logging_mixin.py:188} INFO - [2025-08-04T16:01:05.836+0000] {dagbag.py:545} INFO - Filling up the DagBag from /home/airflow/.local/lib/python3.12/site-packages/airflow/example_dags/example_datasets.py
[2025-08-04T16:01:05.855+0000] {processor.py:840} INFO - DAG(s) 'consume_1_or_both_2_and_3_with_dataset_expressions', 'dataset_consumes_unknown_never_scheduled', 'consume_1_and_2_with_dataset_expressions', 'dataset_consumes_1_and_2', 'dataset_consumes_1', 'consume_1_or_2_with_dataset_expressions', 'conditional_dataset_and_time_based_timetable', 'dataset_produces_1', 'dataset_consumes_1_never_scheduled', 'dataset_produces_2' retrieved from /home/airflow/.local/lib/python3.12/site-packages/airflow/example_dags/example_datasets.py
[2025-08-04T16:01:05.888+0000] {logging_mixin.py:188} INFO - [2025-08-04T16:01:05.888+0000] {dag.py:3096} INFO - Sync 10 DAGs
[2025-08-04T16:01:05.914+0000] {logging_mixin.py:188} INFO - [2025-08-04T16:01:05.911+0000] {dag.py:3954} INFO - Setting next_dagrun for conditional_dataset_and_time_based_timetable to 2025-07-30 01:00:00+00:00, run_after=2025-07-30 01:00:00+00:00
[2025-08-04T16:01:05.916+0000] {logging_mixin.py:188} INFO - [2025-08-04T16:01:05.916+0000] {dag.py:3954} INFO - Setting next_dagrun for consume_1_and_2_with_dataset_expressions to None, run_after=None
[2025-08-04T16:01:05.916+0000] {logging_mixin.py:188} INFO - [2025-08-04T16:01:05.916+0000] {dag.py:3954} INFO - Setting next_dagrun for consume_1_or_2_with_dataset_expressions to None, run_after=None
[2025-08-04T16:01:05.917+0000] {logging_mixin.py:188} INFO - [2025-08-04T16:01:05.917+0000] {dag.py:3954} INFO - Setting next_dagrun for consume_1_or_both_2_and_3_with_dataset_expressions to None, run_after=None
[2025-08-04T16:01:05.917+0000] {logging_mixin.py:188} INFO - [2025-08-04T16:01:05.917+0000] {dag.py:3954} INFO - Setting next_dagrun for dataset_consumes_1 to None, run_after=None
[2025-08-04T16:01:05.918+0000] {logging_mixin.py:188} INFO - [2025-08-04T16:01:05.918+0000] {dag.py:3954} INFO - Setting next_dagrun for dataset_consumes_1_and_2 to None, run_after=None
[2025-08-04T16:01:05.918+0000] {logging_mixin.py:188} INFO - [2025-08-04T16:01:05.918+0000] {dag.py:3954} INFO - Setting next_dagrun for dataset_consumes_1_never_scheduled to None, run_after=None
[2025-08-04T16:01:05.918+0000] {logging_mixin.py:188} INFO - [2025-08-04T16:01:05.918+0000] {dag.py:3954} INFO - Setting next_dagrun for dataset_consumes_unknown_never_scheduled to None, run_after=None
[2025-08-04T16:01:05.921+0000] {logging_mixin.py:188} INFO - [2025-08-04T16:01:05.920+0000] {dag.py:3954} INFO - Setting next_dagrun for dataset_produces_1 to 2025-08-03 00:00:00+00:00, run_after=2025-08-04 00:00:00+00:00
[2025-08-04T16:01:05.921+0000] {logging_mixin.py:188} INFO - [2025-08-04T16:01:05.921+0000] {dag.py:3954} INFO - Setting next_dagrun for dataset_produces_2 to None, run_after=None
[2025-08-04T16:01:05.949+0000] {processor.py:183} INFO - Processing /home/airflow/.local/lib/python3.12/site-packages/airflow/example_dags/example_datasets.py took 0.122 seconds
